{"format_version":"1.12.0","minecraft:geometry":[{"description":{"identifier":"geometry.block_in_hand","texture_width":32,"texture_height":32,"visible_bounds_width":18,"visible_bounds_height":5,"visible_bounds_offset":[0,-0.5,0]},"bones":[{"name":"cube","pivot":[0,8,0],"cubes":[{"origin":[-8,0,-8],"size":[16,16,16],"uv":{"north":{"uv":[0,0],"uv_size":[16,16]},"east":{"uv":[0,0],"uv_size":[16,16]},"south":{"uv":[0,0],"uv_size":[16,16]},"west":{"uv":[0,0],"uv_size":[16,16]},"up":{"uv":[0,16],"uv_size":[16,16]},"down":{"uv":[16,32],"uv_size":[16,-16]}}}]}]}]}