{"format_version":"1.12.0","minecraft:geometry":[{"description":{"identifier":"geometry.CYMutant_creeper_minion_charged","texture_width":64,"texture_height":32,"visible_bounds_width":3,"visible_bounds_height":3.5,"visible_bounds_offset":[0,1.25,0]},"bones":[{"name":"head","pivot":[0,18,0],"cubes":[{"origin":[-4,18,-4],"size":[8,8,8],"uv":{"north":{"uv":[8,8],"uv_size":[8,8]},"east":{"uv":[16,8],"uv_size":[8,8]},"south":{"uv":[0,8],"uv_size":[8,8]},"west":{"uv":[16,8],"uv_size":[8,8]},"up":{"uv":[8,0],"uv_size":[8,8]},"down":{"uv":[16,8],"uv_size":[8,-8]}}}],"inflate":2.0},{"name":"body","pivot":[0,18,0],"cubes":[{"origin":[-4,6,-2],"size":[8,12,4],"uv":{"north":{"uv":[24,8],"uv_size":[8,18]},"east":{"uv":[24,16],"uv_size":[4,16]},"south":{"uv":[24,8],"uv_size":[8,18]},"west":{"uv":[24,8],"uv_size":[4,17]},"up":{"uv":[32,25],"uv_size":[8,7]},"down":{"uv":[32,32],"uv_size":[8,-7]}}}],"inflate":2.0},{"name":"leg1","pivot":[-2,6,2],"cubes":[{"origin":[-4,0,2],"size":[4,6,4],"uv":{"north":{"uv":[2,20],"uv_size":[4,6]},"east":{"uv":[16,23],"uv_size":[4,6]},"south":{"uv":[16,20],"uv_size":[4,6]},"west":{"uv":[14,20],"uv_size":[4,6]},"up":{"uv":[16,20],"uv_size":[4,3]},"down":{"uv":[16,32],"uv_size":[4,-3]}}}],"inflate":2.0},{"name":"leg2","pivot":[2,6,2],"cubes":[{"origin":[0,0,2],"size":[4,6,4],"uv":{"north":{"uv":[6,20],"uv_size":[4,6]},"east":{"uv":[32,26],"uv_size":[4,6]},"south":{"uv":[28,26],"uv_size":[4,6]},"west":{"uv":[14,20],"uv_size":[4,6]},"up":{"uv":[16,28],"uv_size":[4,3]},"down":{"uv":[25,20],"uv_size":[4,-3]}}}],"inflate":2.0},{"name":"leg3","pivot":[-2,6,-2],"cubes":[{"origin":[-4,0,-6],"size":[4,6,4],"uv":{"north":{"uv":[2,20],"uv_size":[4,6]},"east":{"uv":[16,23],"uv_size":[4,6]},"south":{"uv":[26,20],"uv_size":[4,6]},"west":{"uv":[29,26],"uv_size":[4,6]},"up":{"uv":[31,29],"uv_size":[4,3]},"down":{"uv":[35,31],"uv_size":[5,-3]}}}],"inflate":2.0},{"name":"leg4","pivot":[2,6,-2],"cubes":[{"origin":[0,0,-6],"size":[4,6,4],"uv":{"north":{"uv":[6,20],"uv_size":[4,6]},"east":{"uv":[31,20],"uv_size":[4,6]},"south":{"uv":[34,26],"uv_size":[4,6]},"west":{"uv":[26,20],"uv_size":[4,6]},"up":{"uv":[36,23],"uv_size":[4,3]},"down":{"uv":[27,32],"uv_size":[5,-3]}}}],"inflate":2.0}]}]}