{"format_version":"1.12.0","minecraft:geometry":[{"description":{"identifier":"geometry.CYMutant_creeper_minion_egg","texture_width":16,"texture_height":16,"visible_bounds_width":2,"visible_bounds_height":1.5,"visible_bounds_offset":[0,0.25,0]},"bones":[{"name":"egg","pivot":[0,2,0],"cubes":[{"origin":[-2,0,-2],"size":[4,1,4],"uv":{"north":{"uv":[4,4],"uv_size":[4,1]},"east":{"uv":[0,4],"uv_size":[4,1]},"south":{"uv":[12,4],"uv_size":[4,1]},"west":{"uv":[8,4],"uv_size":[4,1]},"up":{"uv":[4,0],"uv_size":[4,4]},"down":{"uv":[8,4],"uv_size":[4,-4]}}},{"origin":[-3,1,-3],"size":[6,4,6],"uv":{"north":{"uv":[2.75,6],"uv_size":[6,4]},"east":{"uv":[0,6],"uv_size":[6,4]},"south":{"uv":[2.75,6],"uv_size":[6,4]},"west":{"uv":[3.25,5.5],"uv_size":[6,4]},"up":{"uv":[6,0],"uv_size":[6,6]},"down":{"uv":[12,6],"uv_size":[6,-6]}}},{"origin":[-1,7,-1],"size":[2,1,2],"uv":{"north":{"uv":[2,2],"uv_size":[2,1]},"east":{"uv":[0,2],"uv_size":[2,1]},"south":{"uv":[6,2],"uv_size":[2,1]},"west":{"uv":[4,2],"uv_size":[2,1]},"up":{"uv":[2,0],"uv_size":[2,2]},"down":{"uv":[4,2],"uv_size":[2,-2]}}},{"origin":[-2,5,-2],"size":[4,2,4],"uv":{"north":{"uv":[4,4],"uv_size":[4,2]},"east":{"uv":[0,4],"uv_size":[4,2]},"south":{"uv":[12,4],"uv_size":[4,2]},"west":{"uv":[8,4],"uv_size":[4,2]},"up":{"uv":[4,0],"uv_size":[4,4]},"down":{"uv":[8,4],"uv_size":[4,-4]}}}]}]}]}