{"format_version":"1.12.0","minecraft:geometry":[{"description":{"identifier":"geometry.CYMutant_mutant_enderman_clone_outer","texture_width":64,"texture_height":32,"visible_bounds_width":2,"visible_bounds_height":4,"visible_bounds_offset":[0,2,0]},"bones":[{"name":"body","pivot":[0,42,0],"reset":true,"cubes":[{"origin":[-4,30,-2],"size":[8,12,4],"uv":[32,16]}],"inflate":1.0},{"name":"head","parent":"body","pivot":[0,28,0],"cubes":[{"origin":[-4,42,-4],"size":[8,8,8],"uv":[0,0]}],"inflate":1.0},{"name":"hat","parent":"head","pivot":[0,42,0],"reset":true,"cubes":[{"origin":[-4,41.5,-4],"size":[8,8,8],"inflate":0.5,"uv":[0,16]}]},{"name":"rightArm","parent":"body","pivot":[-3,40,0],"reset":true,"cubes":[{"origin":[-6,12,-1],"size":[2,30,2],"uv":[56,0]}],"inflate":1.0},{"name":"rightItem","parent":"rightArm","pivot":[-6,19,1]},{"name":"leftArm","parent":"body","pivot":[5,40,0],"reset":true,"mirror":true,"cubes":[{"origin":[4,12,-1],"size":[2,30,2],"uv":[56,0]}],"inflate":1.0},{"name":"rightLeg","parent":"body","pivot":[-2,30,0],"reset":true,"cubes":[{"origin":[-3,0,-1],"size":[2,30,2],"uv":[56,0]}],"inflate":1.0},{"name":"leftLeg","parent":"body","pivot":[2,30,0],"reset":true,"mirror":true,"cubes":[{"origin":[1,0,-1],"size":[2,30,2],"uv":[56,0]}],"inflate":1.0}]}]}