{"format_version":"1.12.0","minecraft:geometry":[{"description":{"identifier":"geometry.EndersoulFragmentModel","texture_width":16,"texture_height":16,"visible_bounds_width":2,"visible_bounds_height":2.5,"visible_bounds_offset":[0,0.75,0]},"bones":[{"name":"base","pivot":[0,4,0],"cubes":[{"origin":[-2,2,-2],"size":[4,4,4],"uv":[0,0]}]},{"name":"sticks1","parent":"base","pivot":[0,4,0],"rotation":[-45,0,0],"cubes":[{"origin":[-0.5,0,-0.5],"size":[1,8,1],"uv":[0,0]}]},{"name":"sticks2","parent":"base","pivot":[0,4,0],"rotation":[45,0,0],"cubes":[{"origin":[-0.5,0,-0.5],"size":[1,8,1],"uv":[0,0]}]},{"name":"sticks3","parent":"base","pivot":[0,4,0],"rotation":[0,0,-45],"cubes":[{"origin":[-0.5,0,-0.5],"size":[1,8,1],"uv":[0,0]}]},{"name":"sticks4","parent":"base","pivot":[0,4,0],"rotation":[0,0,45],"cubes":[{"origin":[-0.5,0,-0.5],"size":[1,8,1],"uv":[0,0]}]},{"name":"sticks5","parent":"base","pivot":[0,4,1],"rotation":[90,0,0],"cubes":[{"origin":[-0.5,0,0.5],"size":[1,10,1],"inflate":0.15,"uv":[0,0]}]},{"name":"sticks6","parent":"base","pivot":[-2,4,0],"rotation":[0,0,90],"cubes":[{"origin":[-2.5,0,-0.5],"size":[1,10,1],"inflate":0.15,"uv":[0,0]}]},{"name":"sticks7","parent":"base","pivot":[0,4,0],"cubes":[{"origin":[-0.5,0,-0.5],"size":[1,10,1],"inflate":0.15,"uv":[0,0]}]},{"name":"sticks8","parent":"base","pivot":[0,4,0],"cubes":[{"origin":[-0.5,0,-0.5],"size":[1,10,1],"inflate":0.15,"uv":[0,0]}]}]}]}