{"format_version":"1.12.0","minecraft:geometry":[{"description":{"identifier":"geometry.cy_aoa_baron_greatblade","texture_width":16,"texture_height":16,"visible_bounds_width":4,"visible_bounds_height":2.5,"visible_bounds_offset":[0,0.75,0]},"bones":[{"name":"root","pivot":[0,0,0]},{"name":"waist","parent":"root","pivot":[0,24,0]},{"name":"rightArm","parent":"waist","pivot":[-5,22,-4]},{"name":"rightItem","parent":"rightArm","pivot":[-6,11,-3]},{"name":"endersoul_hand","parent":"rightItem","pivot":[-6,10,-5],"rotation":[-27.5,-5,22.5],"cubes":[{"origin":[-7,10,-5.3],"size":[1,4,1],"pivot":[-6,10,-5],"rotation":[-15,0,0],"uv":{"north":{"uv":[0,0],"uv_size":[1,4]},"east":{"uv":[0,0],"uv_size":[1,4]},"south":{"uv":[0,0],"uv_size":[1,4]},"west":{"uv":[0,0],"uv_size":[1,4]},"up":{"uv":[1,1],"uv_size":[-1,-1]},"down":{"uv":[1,1],"uv_size":[-1,-1]}}},{"origin":[-7,9.7,-4],"size":[1,4.2,1],"pivot":[-6,10,-5],"rotation":[0,0,5],"uv":{"north":{"uv":[0,0],"uv_size":[1,4.2]},"east":{"uv":[0,0],"uv_size":[1,4.2]},"south":{"uv":[0,0],"uv_size":[1,4.2]},"west":{"uv":[0,0],"uv_size":[1,4.2]},"up":{"uv":[1,1],"uv_size":[-1,-1]},"down":{"uv":[1,1],"uv_size":[-1,-1]}}},{"origin":[-7,9.25,-2.8],"size":[1,4,1],"pivot":[-6,10,-5],"rotation":[15,0,0],"uv":{"north":{"uv":[0,0],"uv_size":[1,4]},"east":{"uv":[0,0],"uv_size":[1,4]},"south":{"uv":[0,0],"uv_size":[1,4]},"west":{"uv":[0,0],"uv_size":[1,4]},"up":{"uv":[1,1],"uv_size":[-1,-1]},"down":{"uv":[1,1],"uv_size":[-1,-1]}}},{"origin":[-7,6,-5.3],"size":[1,4.5,1],"pivot":[-6,10,-5],"rotation":[-15,-7.5,-30],"uv":{"north":{"uv":[0,0],"uv_size":[1,4.5]},"east":{"uv":[0,0],"uv_size":[1,4.5]},"south":{"uv":[0,0],"uv_size":[1,4.5]},"west":{"uv":[0,0],"uv_size":[1,4.5]},"up":{"uv":[1,1],"uv_size":[-1,-1]},"down":{"uv":[1,1],"uv_size":[-1,-1]}}},{"origin":[-7,5,-4],"size":[1,5.5,1],"pivot":[-6,10,-5],"rotation":[0,0,-30],"uv":{"north":{"uv":[0,0],"uv_size":[1,5.5]},"east":{"uv":[0,0],"uv_size":[1,5.5]},"south":{"uv":[0,0],"uv_size":[1,5.5]},"west":{"uv":[0,0],"uv_size":[1,5.5]},"up":{"uv":[1,1],"uv_size":[-1,-1]},"down":{"uv":[1,1],"uv_size":[-1,-1]}}},{"origin":[-7,5.2,-2.8],"size":[1,4.5,1],"pivot":[-6,10,-5],"rotation":[15,7,-30],"uv":{"north":{"uv":[0,0],"uv_size":[1,4.5]},"east":{"uv":[0,0],"uv_size":[1,4.5]},"south":{"uv":[0,0],"uv_size":[1,4.5]},"west":{"uv":[0,0],"uv_size":[1,4.5]},"up":{"uv":[1,1],"uv_size":[-1,-1]},"down":{"uv":[1,1],"uv_size":[-1,-1]}}},{"origin":[-6,9,-6.7],"size":[1,4.5,1],"pivot":[-6,10,-5],"rotation":[-35,-9,-13.5],"uv":{"north":{"uv":[0,0],"uv_size":[1,4.5]},"east":{"uv":[0,0],"uv_size":[1,4.5]},"south":{"uv":[0,0],"uv_size":[1,4.5]},"west":{"uv":[0,0],"uv_size":[1,4.5]},"up":{"uv":[1,1],"uv_size":[-1,-1]},"down":{"uv":[1,1],"uv_size":[-1,-1]}}}]}]}]}