{"format_version":"1.12.0","minecraft:geometry":[{"description":{"identifier":"geometry.CYMutant_creeper","texture_width":128,"texture_height":64,"visible_bounds_width":4,"visible_bounds_height":4.5,"visible_bounds_offset":[0,1.75,0]},"bones":[{"name":"pelvis","pivot":[0,13,-3]},{"name":"frleg","parent":"pelvis","pivot":[3,13,-3],"rotation":[0,-45,0],"cubes":[{"origin":[0,13,-17],"size":[6,4,14],"uv":{"north":{"uv":[54,38],"uv_size":[6,4]},"east":{"uv":[40,38],"uv_size":[14,4]},"south":{"uv":[74,38],"uv_size":[6,4]},"west":{"uv":[60,38],"uv_size":[14,4]},"up":{"uv":[54,24],"uv_size":[6,14]},"down":{"uv":[60,38],"uv_size":[6,-14]}}}]},{"name":"frforeleg","parent":"frleg","pivot":[3,17,-17],"rotation":[0,0,15],"cubes":[{"origin":[-0.5,-3,-21],"size":[7,20,8],"uv":{"north":{"uv":[104,8],"uv_size":[7,20]},"east":{"uv":[96,8],"uv_size":[8,20]},"south":{"uv":[119,8],"uv_size":[7,20]},"west":{"uv":[111,8],"uv_size":[8,20]},"up":{"uv":[104,0],"uv_size":[7,8]},"down":{"uv":[111,8],"uv_size":[7,-8]}}}]},{"name":"flleg","parent":"pelvis","pivot":[-3,13,-3],"rotation":[0,45,0],"cubes":[{"origin":[-6,13,-17],"size":[6,4,14],"uv":{"north":{"uv":[60,38],"uv_size":[-6,4]},"east":{"uv":[74,38],"uv_size":[-14,4]},"south":{"uv":[80,38],"uv_size":[-6,4]},"west":{"uv":[54,38],"uv_size":[-14,4]},"up":{"uv":[60,24],"uv_size":[-6,14]},"down":{"uv":[66,38],"uv_size":[-6,-14]}}}]},{"name":"flforeleg","parent":"flleg","pivot":[-3,17,-17],"rotation":[0,0,-15],"cubes":[{"origin":[-6.5,-3,-21],"size":[7,20,8],"uv":{"north":{"uv":[111,8],"uv_size":[-7,20]},"east":{"uv":[119,8],"uv_size":[-8,20]},"south":{"uv":[126,8],"uv_size":[-7,20]},"west":{"uv":[104,8],"uv_size":[-8,20]},"up":{"uv":[111,0],"uv_size":[-7,8]},"down":{"uv":[118,8],"uv_size":[-7,-8]}}}]},{"name":"brleg","parent":"pelvis","pivot":[2,15,1],"rotation":[0,25,0],"cubes":[{"origin":[0,15,1],"size":[4,4,14],"uv":{"north":{"uv":[14,58],"uv_size":[4,4]},"east":{"uv":[0,58],"uv_size":[14,4]},"south":{"uv":[32,58],"uv_size":[4,4]},"west":{"uv":[18,58],"uv_size":[14,4]},"up":{"uv":[14,44],"uv_size":[4,14]},"down":{"uv":[18,58],"uv_size":[4,-14]}}}]},{"name":"brforeleg","parent":"brleg","pivot":[2,19,15],"rotation":[0,0,-15],"cubes":[{"origin":[-1,1,12],"size":[6,18,6],"uv":{"north":{"uv":[86,34],"uv_size":[6,18]},"east":{"uv":[80,34],"uv_size":[6,18]},"south":{"uv":[98,34],"uv_size":[6,18]},"west":{"uv":[92,34],"uv_size":[6,18]},"up":{"uv":[86,28],"uv_size":[6,6]},"down":{"uv":[92,34],"uv_size":[6,-6]}}}]},{"name":"blleg","parent":"pelvis","pivot":[-2,15,1],"rotation":[0,-25,0],"cubes":[{"origin":[-4,15,1],"size":[4,4,14],"uv":{"north":{"uv":[18,58],"uv_size":[-4,4]},"east":{"uv":[32,58],"uv_size":[-14,4]},"south":{"uv":[36,58],"uv_size":[-4,4]},"west":{"uv":[14,58],"uv_size":[-14,4]},"up":{"uv":[18,44],"uv_size":[-4,14]},"down":{"uv":[22,58],"uv_size":[-4,-14]}}}]},{"name":"blforeleg","parent":"blleg","pivot":[-2,19,15],"rotation":[0,0,15],"cubes":[{"origin":[-5,1,12],"size":[6,18,6],"uv":{"north":{"uv":[92,34],"uv_size":[-6,18]},"east":{"uv":[98,34],"uv_size":[-6,18]},"south":{"uv":[104,34],"uv_size":[-6,18]},"west":{"uv":[86,34],"uv_size":[-6,18]},"up":{"uv":[92,28],"uv_size":[-6,6]},"down":{"uv":[98,34],"uv_size":[-6,-6]}}}]},{"name":"body","parent":"pelvis","pivot":[0,12,-1],"cubes":[{"origin":[-5,12.14042,-5.82507],"size":[10,14,8],"pivot":[0,12.14042,-0.82507],"rotation":[-20,0,0],"uv":{"north":{"uv":[8,8],"uv_size":[10,14]},"east":{"uv":[0,8],"uv_size":[8,14]},"south":{"uv":[26,8],"uv_size":[10,14]},"west":{"uv":[18,8],"uv_size":[8,14]},"up":{"uv":[8,0],"uv_size":[10,8]},"down":{"uv":[18,8],"uv_size":[10,-8]}}}]},{"name":"neak","parent":"body","pivot":[0,25,3],"cubes":[{"origin":[-4.5,22.81328,3.36584],"size":[9,16,7],"pivot":[0,2.81328,3.86584],"rotation":[10,0,0],"uv":{"north":{"uv":[43,7],"uv_size":[9,16]},"east":{"uv":[36,7],"uv_size":[7,16]},"south":{"uv":[59,7],"uv_size":[9,16]},"west":{"uv":[52,7],"uv_size":[7,16]},"up":{"uv":[43,0],"uv_size":[9,7]},"down":{"uv":[52,7],"uv_size":[9,-7]}}}]},{"name":"head","parent":"neak","pivot":[0,36.00653,2.07468],"rotation":[40,0,0],"cubes":[{"origin":[-4,36.00653,-0.92532],"size":[8,14,6],"uv":{"north":{"uv":[74,6],"uv_size":[8,14]},"east":{"uv":[68,6],"uv_size":[6,14]},"south":{"uv":[88,6],"uv_size":[8,14]},"west":{"uv":[82,6],"uv_size":[6,14]},"up":{"uv":[74,0],"uv_size":[8,6]},"down":{"uv":[82,6],"uv_size":[8,-6]}}}]},{"name":"head1","parent":"head","pivot":[0,48.00653,3.07468],"rotation":[45,0,0],"cubes":[{"origin":[-5,48.00653,-1.92532],"size":[10,12,10],"uv":{"north":{"uv":[10,10],"uv_size":[10,12]},"east":{"uv":[0,32],"uv_size":[10,12]},"south":{"uv":[30,32],"uv_size":[10,12]},"west":{"uv":[20,32],"uv_size":[10,12]},"up":{"uv":[10,22],"uv_size":[10,10]},"down":{"uv":[20,32],"uv_size":[10,-10]}}}]}]}]}