{"format_version":"1.12.0","minecraft:geometry":[{"description":{"identifier":"geometry.CYMutant_mutant_enderman_charged","texture_width":128,"texture_height":128,"visible_bounds_width":7,"visible_bounds_height":7.5,"visible_bounds_offset":[0,3.25,0]},"bones":[{"name":"pelvis2","pivot":[-3,37.5,8],"rotation":[-15,0,0]},{"name":"abdomen2","parent":"pelvis2","pivot":[-3,37.5,8],"inflate":1.0},{"name":"chest2","parent":"abdomen2","pivot":[-3,45.5,8],"rotation":[25,0,0],"cubes":[{"origin":[-7,43.5,6],"size":[8,10,4],"uv":{"north":{"uv":[36,4],"uv_size":[8,10]},"east":{"uv":[32,4],"uv_size":[4,10]},"south":{"uv":[48,4],"uv_size":[8,10]},"west":{"uv":[44,4],"uv_size":[4,10]},"up":{"uv":[38,0],"uv_size":[8,4]},"down":{"uv":[44,4],"uv_size":[8,-4]}}}],"inflate":1.0},{"name":"body2","parent":"chest2","pivot":[-3,45.5,10],"rotation":[25,0,0],"cubes":[{"origin":[-8,51.5,7],"size":[10,16,6],"uv":{"north":{"uv":[56,14],"uv_size":[10,16]},"east":{"uv":[50,14],"uv_size":[6,16]},"south":{"uv":[72,14],"uv_size":[10,16]},"west":{"uv":[66,14],"uv_size":[6,16]},"up":{"uv":[56,8],"uv_size":[10,6]},"down":{"uv":[66,14],"uv_size":[10,-6]}}}],"inflate":1.0},{"name":"neck2","parent":"body2","pivot":[-3,66.5,10],"rotation":[10,0,0],"cubes":[{"origin":[-4.5,66.5,8.5],"size":[3,4,3],"uv":{"north":{"uv":[35,17],"uv_size":[3,4]},"east":{"uv":[32,17],"uv_size":[3,4]},"south":{"uv":[41,17],"uv_size":[3,4]},"west":{"uv":[38,17],"uv_size":[3,4]},"up":{"uv":[35,14],"uv_size":[3,3]},"down":{"uv":[38,17],"uv_size":[3,-3]}}}],"inflate":1.0},{"name":"head2","parent":"neck2","pivot":[-3,69,10],"cubes":[{"origin":[-7,72.5,5],"size":[8,6,8],"inflate":1.5,"uv":{"north":{"uv":[8,8],"uv_size":[8,6]},"east":{"uv":[16,8],"uv_size":[8,6]},"south":{"uv":[8,1],"uv_size":[8,6]},"west":{"uv":[16,8],"uv_size":[8,6]},"up":{"uv":[8,0],"uv_size":[8,8]},"down":{"uv":[8,8],"uv_size":[8,-8]}}},{"origin":[-7,72.5,5],"size":[8,2,8],"inflate":1.5,"uv":{"north":{"uv":[16,8],"uv_size":[8,2]},"east":{"uv":[15,31],"uv_size":[8,2]},"south":{"uv":[15,8],"uv_size":[8,2]},"west":{"uv":[8,31],"uv_size":[8,2]},"up":{"uv":[16,0],"uv_size":[8,8]},"down":{"uv":[16,32],"uv_size":[8,-8]}}}]},{"name":"mouth2","parent":"head2","pivot":[-3,66.5,13],"cubes":[{"origin":[-7,72.5,5],"size":[8,2,8],"uv":{"north":{"uv":[13,32],"uv_size":[8,2]},"east":{"uv":[0,32],"uv_size":[8,2]},"south":{"uv":[24,32],"uv_size":[8,2]},"west":{"uv":[16,32],"uv_size":[8,2]},"up":{"uv":[8,24],"uv_size":[8,8]},"down":{"uv":[16,32],"uv_size":[8,-8]}}}],"inflate":1.0},{"name":"rightArm3","parent":"body2","pivot":[-8,64.5,10],"rotation":[0,20,10],"cubes":[{"origin":[-34.46539,59.18422,-22.78981],"size":[3,22,3],"inflate":1.5,"pivot":[-23.96539,16.18422,-32.03981],"rotation":[-30,20,10],"uv":{"north":{"uv":[3,37],"uv_size":[3,24]},"east":{"uv":[0,37],"uv_size":[3,24]},"south":{"uv":[9,37],"uv_size":[3,24]},"west":{"uv":[6,37],"uv_size":[3,24]},"up":{"uv":[3,34],"uv_size":[3,3]},"down":{"uv":[6,40],"uv_size":[3,-3]}}}]},{"name":"foreleg7","parent":"rightArm3","pivot":[-16,47.5,0],"rotation":[2.5,0,0],"cubes":[{"origin":[-27.95699,86.03473,-56.4637],"size":[3,22,3],"inflate":1.5,"pivot":[-10.31377,43.30809,-67.70018],"rotation":[-75,9.2473,-7.4635],"uv":{"north":{"uv":[15,37],"uv_size":[3,24]},"east":{"uv":[12,37],"uv_size":[3,24]},"south":{"uv":[21,37],"uv_size":[3,24]},"west":{"uv":[18,37],"uv_size":[3,24]},"up":{"uv":[10,41],"uv_size":[3,3]},"down":{"uv":[16,46],"uv_size":[3,-3]}}}]},{"name":"hand5","parent":"foreleg7","pivot":[-18.51225,41.05506,-19.85973],"rotation":[-75,9.2473,-7.4635]},{"name":"finger13","parent":"hand5","pivot":[-19.15547,40.2817,-19.62325],"rotation":[-25,0,-25],"cubes":[{"origin":[-19.65547,34.2817,-20.12325],"size":[1,6,1],"inflate":1.59,"uv":{"north":{"uv":[61,37],"uv_size":[1,24]},"east":{"uv":[63,37],"uv_size":[1,24]},"south":{"uv":[63,37],"uv_size":[1,24]},"west":{"uv":[57,34],"uv_size":[1,12]},"up":{"uv":[70,34],"uv_size":[1,3]},"down":{"uv":[75,40],"uv_size":[1,-3]}}}]},{"name":"foreFinger13","parent":"finger13","pivot":[-19.15547,33.7817,-19.62325],"rotation":[35,0,0],"cubes":[{"origin":[-19.65547,27.7817,-20.12325],"size":[1,6,1],"inflate":1.59,"uv":{"north":{"uv":[55,13],"uv_size":[1,12]},"east":{"uv":[5,37],"uv_size":[1,24]},"south":{"uv":[9,37],"uv_size":[1,24]},"west":{"uv":[4,53],"uv_size":[1,6]},"up":{"uv":[11,44],"uv_size":[1,3]},"down":{"uv":[60,19],"uv_size":[1,-3]}}}]},{"name":"finger14","parent":"hand5","pivot":[-19.15547,40.2817,-19.62325],"rotation":[-20,0,20],"cubes":[{"origin":[-19.65547,36.2817,-20.12325],"size":[1,4,1],"inflate":1.59,"uv":{"north":{"uv":[10,37],"uv_size":[1,24]},"east":{"uv":[8,37],"uv_size":[1,24]},"south":{"uv":[13,37],"uv_size":[1,24]},"west":{"uv":[6,44],"uv_size":[1,10]},"up":{"uv":[7,34],"uv_size":[1,3]},"down":{"uv":[5,40],"uv_size":[1,-3]}}}]},{"name":"foreFinger14","parent":"finger14","pivot":[-19.15547,34.7817,-19.62325],"rotation":[35,0,0],"cubes":[{"origin":[-19.65547,29.7817,-20.12325],"size":[1,5,1],"inflate":1.59,"uv":{"north":{"uv":[19,37],"uv_size":[1,24]},"east":{"uv":[11,37],"uv_size":[1,24]},"south":{"uv":[9,37],"uv_size":[1,24]},"west":{"uv":[8,2],"uv_size":[1,10]},"up":{"uv":[16,34],"uv_size":[1,3]},"down":{"uv":[8,40],"uv_size":[1,-3]}}}]},{"name":"finger15","parent":"hand5","pivot":[-19.15547,41.2817,-19.62325],"rotation":[-20,0,-2.5],"cubes":[{"origin":[-19.65547,35.2817,-20.12325],"size":[1,6,1],"inflate":1.59,"uv":{"north":{"uv":[9,37],"uv_size":[1,24]},"east":{"uv":[8,37],"uv_size":[1,24]},"south":{"uv":[11,37],"uv_size":[1,24]},"west":{"uv":[10,2],"uv_size":[1,12]},"up":{"uv":[9,35],"uv_size":[1,2]},"down":{"uv":[10,40],"uv_size":[1,-3]}}}]},{"name":"foreFinger15","parent":"finger15","pivot":[-19.15547,34.7817,-19.62325],"rotation":[35,0,0],"cubes":[{"origin":[-19.65547,28.7817,-20.12325],"size":[1,6,1],"inflate":1.59,"uv":{"north":{"uv":[12,37],"uv_size":[1,24]},"east":{"uv":[11,37],"uv_size":[1,24]},"south":{"uv":[14,37],"uv_size":[1,24]},"west":{"uv":[13,2],"uv_size":[1,12]},"up":{"uv":[12,35],"uv_size":[1,2]},"down":{"uv":[13,40],"uv_size":[1,-3]}}}]},{"name":"thumb5","parent":"hand5","pivot":[-19.15547,39.2817,-19.12325],"rotation":[-20,0,-50],"cubes":[{"origin":[-19.65547,33.2817,-21.12325],"size":[1,4.5,1],"inflate":1.59,"uv":{"north":{"uv":[15,37],"uv_size":[1,24]},"east":{"uv":[14,37],"uv_size":[1,24]},"south":{"uv":[17,37],"uv_size":[1,24]},"west":{"uv":[16,2],"uv_size":[1,10]},"up":{"uv":[15,35],"uv_size":[1,2]},"down":{"uv":[16,40],"uv_size":[1,-3]}}}]},{"name":"bone6","parent":"thumb5","pivot":[-19.15547,32.2817,-21.12325],"rotation":[35,0,0],"cubes":[{"origin":[-19.65547,28.2817,-21.12325],"size":[1,4,1],"inflate":1.59,"uv":{"north":{"uv":[15,37],"uv_size":[1,24]},"east":{"uv":[14,37],"uv_size":[1,24]},"south":{"uv":[17,37],"uv_size":[1,24]},"west":{"uv":[16,2],"uv_size":[1,10]},"up":{"uv":[15,35],"uv_size":[1,2]},"down":{"uv":[16,40],"uv_size":[1,-3]}}}]},{"name":"leftArm3","parent":"body2","pivot":[2,64.5,10],"rotation":[0,-20,-10],"cubes":[{"origin":[25.01789,60.16328,-20.73769],"size":[3,22,3],"inflate":1.5,"pivot":[23.51789,17.16328,-29.98769],"rotation":[-30,-20,-10],"uv":{"north":{"uv":[3,37],"uv_size":[3,24]},"east":{"uv":[0,37],"uv_size":[3,24]},"south":{"uv":[9,37],"uv_size":[3,24]},"west":{"uv":[6,37],"uv_size":[3,24]},"up":{"uv":[3,34],"uv_size":[3,3]},"down":{"uv":[6,37],"uv_size":[3,-3]}}}]},{"name":"foreleg8","parent":"leftArm3","pivot":[10,47.5,1],"rotation":[0,-10,0],"cubes":[{"origin":[18.65875,86.36501,-55.7058],"size":[3,22,3],"inflate":1.5,"pivot":[10.25974,42.97838,-67.07011],"rotation":[-75,-9.2473,7.4635],"uv":{"north":{"uv":[15,37],"uv_size":[3,24]},"east":{"uv":[12,37],"uv_size":[3,24]},"south":{"uv":[21,37],"uv_size":[3,24]},"west":{"uv":[18,37],"uv_size":[3,24]},"up":{"uv":[15,34],"uv_size":[3,3]},"down":{"uv":[18,37],"uv_size":[3,-3]}}}]},{"name":"hand6","parent":"foreleg8","pivot":[12.58637,41.4946,-20.19383],"rotation":[-75,-9.2473,7.4635]},{"name":"finger16","parent":"hand6","pivot":[11.98538,41.38123,-19.82952],"rotation":[-25,0,25],"cubes":[{"origin":[11.48538,35.38123,-20.32952],"size":[1,6,1],"inflate":1.59,"uv":{"north":{"uv":[61,37],"uv_size":[1,24]},"east":{"uv":[63,37],"uv_size":[1,24]},"south":{"uv":[63,37],"uv_size":[1,24]},"west":{"uv":[57,37],"uv_size":[1,24]},"up":{"uv":[70,34],"uv_size":[1,3]},"down":{"uv":[75,37],"uv_size":[1,-3]}}}]},{"name":"foreFinger16","parent":"finger16","pivot":[11.98538,34.88123,-19.82952],"rotation":[35,0,0],"cubes":[{"origin":[11.48538,28.88123,-20.32952],"size":[1,6,1],"inflate":1.59,"uv":{"north":{"uv":[56,37],"uv_size":[1,24]},"east":{"uv":[5,37],"uv_size":[1,24]},"south":{"uv":[9,37],"uv_size":[1,24]},"west":{"uv":[4,37],"uv_size":[1,24]},"up":{"uv":[11,34],"uv_size":[1,3]},"down":{"uv":[65,37],"uv_size":[1,-3]}}}]},{"name":"finger17","parent":"hand6","pivot":[11.98538,41.38123,-19.82952],"rotation":[-20,0,-20],"cubes":[{"origin":[11.48538,37.38123,-20.32952],"size":[1,4,1],"inflate":1.59,"uv":{"north":{"uv":[10,37],"uv_size":[1,24]},"east":{"uv":[8,37],"uv_size":[1,24]},"south":{"uv":[13,37],"uv_size":[1,24]},"west":{"uv":[4,37],"uv_size":[1,24]},"up":{"uv":[7,34],"uv_size":[1,3]},"down":{"uv":[5,37],"uv_size":[1,-3]}}}]},{"name":"foreFinger17","parent":"finger17","pivot":[11.98538,35.88123,-19.82952],"rotation":[35,0,0],"cubes":[{"origin":[11.48538,30.88123,-20.32952],"size":[1,5,1],"inflate":1.59,"uv":{"north":{"uv":[19,37],"uv_size":[1,24]},"east":{"uv":[11,37],"uv_size":[1,24]},"south":{"uv":[9,37],"uv_size":[1,24]},"west":{"uv":[8,37],"uv_size":[1,24]},"up":{"uv":[16,34],"uv_size":[1,3]},"down":{"uv":[8,37],"uv_size":[1,-3]}}}]},{"name":"finger18","parent":"hand6","pivot":[11.98538,42.38123,-19.82952],"rotation":[-20,0,2.5],"cubes":[{"origin":[11.48538,36.38123,-20.32952],"size":[1,6,1],"inflate":1.59,"uv":{"north":{"uv":[9,37],"uv_size":[1,24]},"east":{"uv":[8,37],"uv_size":[1,24]},"south":{"uv":[11,37],"uv_size":[1,24]},"west":{"uv":[10,37],"uv_size":[1,24]},"up":{"uv":[9,34],"uv_size":[1,3]},"down":{"uv":[10,37],"uv_size":[1,-3]}}}]},{"name":"foreFinger18","parent":"finger18","pivot":[11.98538,35.88123,-19.82952],"rotation":[35,0,0],"cubes":[{"origin":[11.48538,29.88123,-20.32952],"size":[1,6,1],"inflate":1.59,"uv":{"north":{"uv":[12,37],"uv_size":[1,24]},"east":{"uv":[11,37],"uv_size":[1,24]},"south":{"uv":[14,37],"uv_size":[1,24]},"west":{"uv":[13,37],"uv_size":[1,24]},"up":{"uv":[12,34],"uv_size":[1,3]},"down":{"uv":[13,37],"uv_size":[1,-3]}}}]},{"name":"thumb6","parent":"hand6","pivot":[11.98538,40.38123,-19.32952],"rotation":[-20,0,50],"cubes":[{"origin":[11.48538,34.38123,-21.32952],"size":[1,4.5,1],"inflate":1.59,"uv":{"north":{"uv":[15,37],"uv_size":[1,24]},"east":{"uv":[14,37],"uv_size":[1,24]},"south":{"uv":[17,37],"uv_size":[1,24]},"west":{"uv":[16,37],"uv_size":[1,24]},"up":{"uv":[15,34],"uv_size":[1,3]},"down":{"uv":[16,37],"uv_size":[1,-3]}}}]},{"name":"bone7","parent":"thumb6","pivot":[11.98538,33.38123,-21.32952],"rotation":[35,0,0],"cubes":[{"origin":[11.48538,29.38123,-21.32952],"size":[1,4,1],"inflate":1.59,"uv":{"north":{"uv":[15,37],"uv_size":[1,24]},"east":{"uv":[14,37],"uv_size":[1,24]},"south":{"uv":[17,37],"uv_size":[1,24]},"west":{"uv":[16,37],"uv_size":[1,24]},"up":{"uv":[15,34],"uv_size":[1,3]},"down":{"uv":[16,37],"uv_size":[1,-3]}}}]},{"name":"leftArm4","parent":"body2","pivot":[2,64.5,10],"rotation":[20,-50,-15],"cubes":[{"origin":[25.01789,60.16328,-20.73769],"size":[3,22,3],"inflate":1.5,"pivot":[23.51789,17.16328,-29.98769],"rotation":[-30,-20,-10],"uv":{"north":{"uv":[3,37],"uv_size":[3,24]},"east":{"uv":[0,37],"uv_size":[3,24]},"south":{"uv":[9,37],"uv_size":[3,24]},"west":{"uv":[6,37],"uv_size":[3,24]},"up":{"uv":[3,34],"uv_size":[3,3]},"down":{"uv":[6,37],"uv_size":[3,-3]}}}]},{"name":"foreleg9","parent":"leftArm4","pivot":[10,47.5,1],"cubes":[{"origin":[18.65875,86.36501,-55.7058],"size":[3,22,3],"inflate":1.5,"pivot":[10.25974,42.97838,-67.07011],"rotation":[-75,-9.2473,7.4635],"uv":{"north":{"uv":[15,37],"uv_size":[3,24]},"east":{"uv":[12,37],"uv_size":[3,24]},"south":{"uv":[21,37],"uv_size":[3,24]},"west":{"uv":[18,37],"uv_size":[3,24]},"up":{"uv":[15,34],"uv_size":[3,3]},"down":{"uv":[18,37],"uv_size":[3,-3]}}}]},{"name":"hand7","parent":"foreleg9","pivot":[12.58637,41.4946,-20.19383],"rotation":[-75,-9.2473,7.4635]},{"name":"finger19","parent":"hand7","pivot":[11.98538,41.38123,-19.82952],"rotation":[-25,0,25],"cubes":[{"origin":[11.48538,35.38123,-20.32952],"size":[1,6,1],"inflate":1.59,"uv":{"north":{"uv":[61,37],"uv_size":[1,24]},"east":{"uv":[63,37],"uv_size":[1,24]},"south":{"uv":[63,37],"uv_size":[1,24]},"west":{"uv":[57,37],"uv_size":[1,24]},"up":{"uv":[70,34],"uv_size":[1,3]},"down":{"uv":[75,37],"uv_size":[1,-3]}}}]},{"name":"foreFinger19","parent":"finger19","pivot":[11.98538,34.88123,-19.82952],"rotation":[35,0,0],"cubes":[{"origin":[11.48538,28.88123,-20.32952],"size":[1,6,1],"inflate":1.59,"uv":{"north":{"uv":[56,37],"uv_size":[1,24]},"east":{"uv":[5,37],"uv_size":[1,24]},"south":{"uv":[9,37],"uv_size":[1,24]},"west":{"uv":[4,37],"uv_size":[1,24]},"up":{"uv":[11,34],"uv_size":[1,3]},"down":{"uv":[65,37],"uv_size":[1,-3]}}}]},{"name":"finger20","parent":"hand7","pivot":[11.98538,41.38123,-19.82952],"rotation":[-20,0,-20],"cubes":[{"origin":[11.48538,37.38123,-20.32952],"size":[1,4,1],"inflate":1.59,"uv":{"north":{"uv":[10,37],"uv_size":[1,18]},"east":{"uv":[8,37],"uv_size":[1,24]},"south":{"uv":[13,37],"uv_size":[1,24]},"west":{"uv":[4,37],"uv_size":[1,24]},"up":{"uv":[7,34],"uv_size":[1,3]},"down":{"uv":[5,37],"uv_size":[1,-3]}}}]},{"name":"foreFinger20","parent":"finger20","pivot":[11.98538,35.88123,-19.82952],"rotation":[35,0,0],"cubes":[{"origin":[11.48538,30.88123,-20.32952],"size":[1,5,1],"inflate":1.59,"uv":{"north":{"uv":[19,37],"uv_size":[1,24]},"east":{"uv":[11,37],"uv_size":[1,24]},"south":{"uv":[9,37],"uv_size":[1,24]},"west":{"uv":[8,37],"uv_size":[1,24]},"up":{"uv":[16,34],"uv_size":[1,3]},"down":{"uv":[8,37],"uv_size":[1,-3]}}}]},{"name":"finger21","parent":"hand7","pivot":[11.98538,42.38123,-19.82952],"rotation":[-20,0,2.5],"cubes":[{"origin":[11.48538,36.38123,-20.32952],"size":[1,6,1],"inflate":1.59,"uv":{"north":{"uv":[9,37],"uv_size":[1,24]},"east":{"uv":[8,37],"uv_size":[1,24]},"south":{"uv":[11,37],"uv_size":[1,24]},"west":{"uv":[10,37],"uv_size":[1,24]},"up":{"uv":[9,35],"uv_size":[1,2]},"down":{"uv":[10,37],"uv_size":[1,-3]}}}]},{"name":"foreFinger21","parent":"finger21","pivot":[11.98538,35.88123,-19.82952],"rotation":[35,0,0],"cubes":[{"origin":[11.48538,29.88123,-20.32952],"size":[1,6,1],"inflate":1.59,"uv":{"north":{"uv":[12,37],"uv_size":[1,24]},"east":{"uv":[11,37],"uv_size":[1,24]},"south":{"uv":[14,37],"uv_size":[1,24]},"west":{"uv":[13,37],"uv_size":[1,24]},"up":{"uv":[12,35],"uv_size":[1,2]},"down":{"uv":[13,37],"uv_size":[1,-3]}}}]},{"name":"thumb7","parent":"hand7","pivot":[11.98538,40.38123,-19.32952],"rotation":[-20,0,50],"cubes":[{"origin":[11.48538,34.38123,-21.32952],"size":[1,4.5,1],"inflate":1.59,"uv":{"north":{"uv":[15,37],"uv_size":[1,24]},"east":{"uv":[14,37],"uv_size":[1,24]},"south":{"uv":[17,37],"uv_size":[1,24]},"west":{"uv":[16,37],"uv_size":[1,24]},"up":{"uv":[15,35],"uv_size":[1,2]},"down":{"uv":[16,37],"uv_size":[1,-3]}}}]},{"name":"bone8","parent":"thumb7","pivot":[11.98538,33.38123,-21.32952],"rotation":[35,0,0],"cubes":[{"origin":[11.48538,29.38123,-21.32952],"size":[1,4,1],"inflate":1.59,"uv":{"north":{"uv":[15,37],"uv_size":[1,24]},"east":{"uv":[14,37],"uv_size":[1,24]},"south":{"uv":[17,37],"uv_size":[1,24]},"west":{"uv":[16,37],"uv_size":[1,24]},"up":{"uv":[15,35],"uv_size":[1,2]},"down":{"uv":[16,37],"uv_size":[1,-3]}}}]},{"name":"rightArm4","parent":"body2","pivot":[-8,64.5,10],"rotation":[20,50,7.5],"cubes":[{"origin":[-34.46539,59.18422,-22.78981],"size":[3,22,3],"inflate":1.5,"pivot":[-23.96539,16.18422,-32.03981],"rotation":[-30,20,10],"uv":{"north":{"uv":[3,37],"uv_size":[3,24]},"east":{"uv":[0,37],"uv_size":[3,24]},"south":{"uv":[9,37],"uv_size":[3,24]},"west":{"uv":[6,37],"uv_size":[3,24]},"up":{"uv":[3,34],"uv_size":[3,3]},"down":{"uv":[6,37],"uv_size":[3,-3]}}}]},{"name":"foreleg10","parent":"rightArm4","pivot":[-16,46.5,1],"cubes":[{"origin":[-27.95699,86.03473,-56.4637],"size":[3,22,3],"inflate":1.5,"pivot":[-10.31377,43.30809,-67.70018],"rotation":[-75,9.2473,-7.4635],"uv":{"north":{"uv":[15,37],"uv_size":[3,24]},"east":{"uv":[12,37],"uv_size":[3,24]},"south":{"uv":[21,37],"uv_size":[3,24]},"west":{"uv":[18,37],"uv_size":[3,24]},"up":{"uv":[15,34],"uv_size":[3,3]},"down":{"uv":[18,37],"uv_size":[3,-3]}}}]},{"name":"hand8","parent":"foreleg10","pivot":[-18.51225,41.05506,-19.85973],"rotation":[-75,9.2473,-7.4635]},{"name":"finger22","parent":"hand8","pivot":[-19.15547,40.2817,-19.62325],"rotation":[-25,0,-25],"cubes":[{"origin":[-19.65547,34.2817,-20.12325],"size":[1,6,1],"inflate":1.59,"uv":{"north":{"uv":[61,37],"uv_size":[1,24]},"east":{"uv":[63,37],"uv_size":[1,24]},"south":{"uv":[63,37],"uv_size":[1,24]},"west":{"uv":[57,37],"uv_size":[1,24]},"up":{"uv":[70,34],"uv_size":[1,3]},"down":{"uv":[75,37],"uv_size":[1,-3]}}}]},{"name":"foreFinger22","parent":"finger22","pivot":[-19.15547,33.7817,-19.62325],"rotation":[35,0,0],"cubes":[{"origin":[-19.65547,27.7817,-20.12325],"size":[1,6,1],"inflate":1.59,"uv":{"north":{"uv":[56,37],"uv_size":[1,24]},"east":{"uv":[5,37],"uv_size":[1,24]},"south":{"uv":[9,37],"uv_size":[1,24]},"west":{"uv":[4,37],"uv_size":[1,24]},"up":{"uv":[11,34],"uv_size":[1,3]},"down":{"uv":[65,37],"uv_size":[1,-3]}}}]},{"name":"finger23","parent":"hand8","pivot":[-19.15547,40.2817,-19.62325],"rotation":[-20,0,20],"cubes":[{"origin":[-19.65547,36.2817,-20.12325],"size":[1,4,1],"inflate":1.59,"uv":{"north":{"uv":[10,37],"uv_size":[1,18]},"east":{"uv":[8,37],"uv_size":[1,24]},"south":{"uv":[13,37],"uv_size":[1,24]},"west":{"uv":[4,37],"uv_size":[1,24]},"up":{"uv":[7,34],"uv_size":[1,3]},"down":{"uv":[5,37],"uv_size":[1,-3]}}}]},{"name":"foreFinger23","parent":"finger23","pivot":[-19.15547,34.7817,-19.62325],"rotation":[35,0,0],"cubes":[{"origin":[-19.65547,29.7817,-20.12325],"size":[1,5,1],"inflate":1.59,"uv":{"north":{"uv":[19,37],"uv_size":[1,24]},"east":{"uv":[11,37],"uv_size":[1,24]},"south":{"uv":[9,37],"uv_size":[1,24]},"west":{"uv":[8,37],"uv_size":[1,24]},"up":{"uv":[16,34],"uv_size":[1,3]},"down":{"uv":[8,37],"uv_size":[1,-3]}}}]},{"name":"finger24","parent":"hand8","pivot":[-19.15547,41.2817,-19.62325],"rotation":[-20,0,-2.5],"cubes":[{"origin":[-19.65547,35.2817,-20.12325],"size":[1,6,1],"inflate":1.59,"uv":{"north":{"uv":[9,37],"uv_size":[1,24]},"east":{"uv":[8,37],"uv_size":[1,24]},"south":{"uv":[11,37],"uv_size":[1,24]},"west":{"uv":[10,37],"uv_size":[1,24]},"up":{"uv":[9,34],"uv_size":[1,3]},"down":{"uv":[10,37],"uv_size":[1,-3]}}}]},{"name":"foreFinger24","parent":"finger24","pivot":[-19.15547,34.7817,-19.62325],"rotation":[35,0,0],"cubes":[{"origin":[-19.65547,28.7817,-20.12325],"size":[1,6,1],"inflate":1.59,"uv":{"north":{"uv":[12,37],"uv_size":[1,24]},"east":{"uv":[11,37],"uv_size":[1,24]},"south":{"uv":[14,37],"uv_size":[1,24]},"west":{"uv":[13,37],"uv_size":[1,24]},"up":{"uv":[12,34],"uv_size":[1,3]},"down":{"uv":[13,37],"uv_size":[1,-3]}}}]},{"name":"thumb8","parent":"hand8","pivot":[-19.15547,39.2817,-19.12325],"rotation":[-20,0,-50],"cubes":[{"origin":[-19.65547,33.2817,-21.12325],"size":[1,4.5,1],"inflate":1.59,"uv":{"north":{"uv":[15,37],"uv_size":[1,24]},"east":{"uv":[14,37],"uv_size":[1,24]},"south":{"uv":[17,37],"uv_size":[1,24]},"west":{"uv":[16,37],"uv_size":[1,24]},"up":{"uv":[15,34],"uv_size":[1,3]},"down":{"uv":[16,37],"uv_size":[1,-3]}}}]},{"name":"bone9","parent":"thumb8","pivot":[-19.15547,32.2817,-21.12325],"rotation":[35,0,0],"cubes":[{"origin":[-19.65547,28.2817,-21.12325],"size":[1,4,1],"inflate":1.59,"uv":{"north":{"uv":[15,37],"uv_size":[1,24]},"east":{"uv":[14,37],"uv_size":[1,24]},"south":{"uv":[17,37],"uv_size":[1,24]},"west":{"uv":[16,37],"uv_size":[1,24]},"up":{"uv":[15,34],"uv_size":[1,3]},"down":{"uv":[16,37],"uv_size":[1,-3]}}}]},{"name":"leg2","parent":"abdomen2","pivot":[-3,37.5,6],"rotation":[-10,0,0]},{"name":"rightleg2","parent":"leg2","pivot":[-5,45.5,7],"cubes":[{"origin":[-16.27056,20.98204,5.25],"size":[3,24,3],"inflate":1.5,"pivot":[-8.27056,-0.51796,0],"rotation":[0,0,12.5],"uv":{"north":{"uv":[3,37],"uv_size":[3,24]},"east":{"uv":[0,37],"uv_size":[3,24]},"south":{"uv":[9,37],"uv_size":[3,24]},"west":{"uv":[6,37],"uv_size":[3,24]},"up":{"uv":[3,34],"uv_size":[3,3]},"down":{"uv":[6,37],"uv_size":[3,-3]}}}]},{"name":"foreleg11","parent":"rightleg2","pivot":[-9.74659,22.85556,6.75],"rotation":[25,0,12.5],"cubes":[{"origin":[-11.24659,-1.14444,5.25],"size":[3,24,3],"inflate":1.5,"uv":{"north":{"uv":[15,37],"uv_size":[3,24]},"east":{"uv":[12,37],"uv_size":[3,24]},"south":{"uv":[21,37],"uv_size":[3,24]},"west":{"uv":[18,37],"uv_size":[3,24]},"up":{"uv":[15,34],"uv_size":[3,3]},"down":{"uv":[18,37],"uv_size":[3,-3]}}}]},{"name":"leftleg2","parent":"leg2","pivot":[-1,45.5,7],"cubes":[{"origin":[11.34589,22.78456,5.25],"size":[3,24,3],"inflate":1.5,"pivot":[11.34589,1.28456,0],"rotation":[0,0,-17.5],"uv":{"north":{"uv":[3,37],"uv_size":[3,24]},"east":{"uv":[0,37],"uv_size":[3,24]},"south":{"uv":[9,37],"uv_size":[3,24]},"west":{"uv":[6,37],"uv_size":[3,24]},"up":{"uv":[3,34],"uv_size":[3,3]},"down":{"uv":[6,37],"uv_size":[3,-3]}}}]},{"name":"foreleg12","parent":"leftleg2","pivot":[6.01059,23.19425,6.75],"rotation":[25,0,-17.5],"cubes":[{"origin":[4.51059,-0.80575,5.25],"size":[3,24,3],"inflate":1.5,"uv":{"north":{"uv":[15,37],"uv_size":[3,24]},"east":{"uv":[12,37],"uv_size":[3,24]},"south":{"uv":[21,37],"uv_size":[3,24]},"west":{"uv":[18,37],"uv_size":[3,24]},"up":{"uv":[15,34],"uv_size":[3,3]},"down":{"uv":[18,37],"uv_size":[3,-3]}}}]}]}]}