{"format_version":"1.12.0","minecraft:geometry":[{"description":{"identifier":"geometry.CYMutant_mutant_enderman_l1_block","texture_width":128,"texture_height":128,"visible_bounds_width":7,"visible_bounds_height":8,"visible_bounds_offset":[0,3,0]},"bones":[{"name":"pelvis","pivot":[-3,37.5,8],"rotation":[-15,0,0]},{"name":"abdomen","parent":"pelvis","pivot":[-3,37.5,8]},{"name":"chest","parent":"abdomen","pivot":[-3,45.5,8],"rotation":[25,0,0]},{"name":"body","parent":"chest","pivot":[-3,45.5,10],"rotation":[25,0,0]},{"name":"leftArm","parent":"body","pivot":[2,64.5,10],"rotation":[0,5,-10]},{"name":"foreleg4","parent":"leftArm","pivot":[10,47.5,1]},{"name":"hand2","parent":"foreleg4","pivot":[13.09962,44.90435,-20.59916],"rotation":[-85,-9.2473,7.4635]},{"name":"l1_block","parent":"hand2","pivot":[13.09962,44.90435,-20.59916],"cubes":[{"origin":[2.09962,27.90435,-37.59916],"size":[16,16,16],"pivot":[13.09962,44.90435,-20.59916],"rotation":[90,0,0],"uv":{"north":{"uv":[0,0],"uv_size":[64,64]},"east":{"uv":[0,0],"uv_size":[64,64]},"south":{"uv":[0,0],"uv_size":[64,64]},"west":{"uv":[0,0],"uv_size":[64,64]},"up":{"uv":[64,128],"uv_size":[-64,-64]},"down":{"uv":[128,128],"uv_size":[-64,-64]}}}]}]}]}