{"format_version":"1.12.0","minecraft:geometry":[{"description":{"identifier":"geometry.CYMutant_mutant_snow_golem","texture_width":128,"texture_height":64,"visible_bounds_width":4,"visible_bounds_height":3.5,"visible_bounds_offset":[0,1.25,0]},"bones":[{"name":"pelvis","pivot":[0,10.5,5]},{"name":"abdomen","parent":"pelvis","pivot":[0,10.5,5],"rotation":[10,0,0],"cubes":[{"origin":[-5,10.5,1],"size":[10,8,8],"uv":{"north":{"uv":[8,40],"uv_size":[10,8]},"east":{"uv":[0,40],"uv_size":[8,8]},"south":{"uv":[26,40],"uv_size":[10,8]},"west":{"uv":[18,40],"uv_size":[8,8]},"up":{"uv":[8,32],"uv_size":[10,8]},"down":{"uv":[18,40],"uv_size":[10,-8]}}}]},{"name":"chest","parent":"abdomen","pivot":[0,16.5,5],"rotation":[10,0,0],"cubes":[{"origin":[-8,16.5,-1],"size":[16,12,12],"uv":{"north":{"uv":[36,48],"uv_size":[16,12]},"east":{"uv":[24,48],"uv_size":[12,12]},"south":{"uv":[64,48],"uv_size":[16,12]},"west":{"uv":[52,48],"uv_size":[12,12]},"up":{"uv":[36,36],"uv_size":[16,12]},"down":{"uv":[52,48],"uv_size":[16,-12]}}}]},{"name":"head","parent":"chest","pivot":[0,29,3],"rotation":[-20,0,0]},{"name":"headCore","parent":"head","pivot":[0,29,3],"cubes":[{"origin":[-4,29,-1],"size":[8,8,8],"uv":{"north":{"uv":[88,54],"uv_size":[8,8]},"east":{"uv":[96,46],"uv_size":[8,8]},"south":{"uv":[80,54],"uv_size":[8,8]},"west":{"uv":[88,46],"uv_size":[8,8]},"up":{"uv":[96,54],"uv_size":[8,8]},"down":{"uv":[104,62],"uv_size":[8,-8]}}}]},{"name":"pumpkin_head","parent":"head","pivot":[0,29,3],"cubes":[{"origin":[-4,29,-1],"size":[8,8,8],"inflate":0.5,"uv":{"north":{"uv":[16,16],"uv_size":[16,16]},"east":{"uv":[48,16],"uv_size":[16,16]},"south":{"uv":[0,16],"uv_size":[16,16]},"west":{"uv":[32,16],"uv_size":[16,16]},"up":{"uv":[16,0],"uv_size":[16,16]},"down":{"uv":[32,16],"uv_size":[16,-16]}}}]},{"name":"hand","parent":"chest","pivot":[0,26.5,6]},{"name":"arm2","parent":"hand","pivot":[9,27.5,5],"rotation":[-30,-25,-25],"cubes":[{"origin":[6.5,17.5,2.5],"size":[5,10,5],"uv":{"north":{"uv":[78,21],"uv_size":[-5,10]},"east":{"uv":[83,21],"uv_size":[-5,10]},"south":{"uv":[88,21],"uv_size":[-5,10]},"west":{"uv":[73,21],"uv_size":[-5,10]},"up":{"uv":[78,16],"uv_size":[-5,5]},"down":{"uv":[83,21],"uv_size":[-5,-5]}}}]},{"name":"forearm2","parent":"arm2","pivot":[9,17.5,5],"rotation":[-25,15,25],"cubes":[{"origin":[6,5.5,2],"size":[6,12,6],"uv":{"north":{"uv":[108,6],"uv_size":[-6,12]},"east":{"uv":[114,6],"uv_size":[-6,12]},"south":{"uv":[120,6],"uv_size":[-6,12]},"west":{"uv":[102,6],"uv_size":[-6,12]},"up":{"uv":[108,0],"uv_size":[-6,6]},"down":{"uv":[114,6],"uv_size":[-6,-6]}}}]},{"name":"arm1","parent":"hand","pivot":[-9,27.5,5],"rotation":[-30,25,25],"cubes":[{"origin":[-11.5,17.5,2.5],"size":[5,10,5],"uv":{"north":{"uv":[73,21],"uv_size":[5,10]},"east":{"uv":[68,21],"uv_size":[5,10]},"south":{"uv":[83,21],"uv_size":[5,10]},"west":{"uv":[78,21],"uv_size":[5,10]},"up":{"uv":[73,16],"uv_size":[5,5]},"down":{"uv":[78,21],"uv_size":[5,-5]}}}]},{"name":"forearm1","parent":"arm1","pivot":[-9,17.5,5],"rotation":[-25,-15,-25],"cubes":[{"origin":[-12,5.5,2],"size":[6,12,6],"uv":{"north":{"uv":[102,6],"uv_size":[6,12]},"east":{"uv":[96,6],"uv_size":[6,12]},"south":{"uv":[114,6],"uv_size":[6,12]},"west":{"uv":[108,6],"uv_size":[6,12]},"up":{"uv":[102,0],"uv_size":[6,6]},"down":{"uv":[108,6],"uv_size":[6,-6]}}}]},{"name":"ice","parent":"hand","pivot":[0,4,1],"cubes":[{"origin":[-8,8.5,-23],"size":[16,16,16],"uv":{"north":{"uv":[112,48],"uv_size":[16,16]},"east":{"uv":[112,48],"uv_size":[16,16]},"south":{"uv":[112,48],"uv_size":[16,16]},"west":{"uv":[112,48],"uv_size":[16,16]},"up":{"uv":[128,64],"uv_size":[-16,-16]},"down":{"uv":[128,64],"uv_size":[-16,-16]}}}]},{"name":"leg1","parent":"pelvis","pivot":[-4,11.5,2],"rotation":[-35,10,25],"cubes":[{"origin":[-7,3.5,-1],"size":[6,8,6],"uv":{"north":{"uv":[94,24],"uv_size":[6,8]},"east":{"uv":[88,24],"uv_size":[6,8]},"south":{"uv":[106,24],"uv_size":[6,8]},"west":{"uv":[100,24],"uv_size":[6,8]},"up":{"uv":[94,18],"uv_size":[6,6]},"down":{"uv":[100,24],"uv_size":[6,-6]}}}]},{"name":"foreleg1","parent":"leg1","pivot":[-5,5.5,2],"rotation":[35,0,-25],"cubes":[{"origin":[-8,-2.5,-1],"size":[6,8,6],"uv":{"north":{"uv":[94,38],"uv_size":[6,8]},"east":{"uv":[88,38],"uv_size":[6,8]},"south":{"uv":[106,38],"uv_size":[6,8]},"west":{"uv":[100,38],"uv_size":[6,8]},"up":{"uv":[94,32],"uv_size":[6,6]},"down":{"uv":[100,38],"uv_size":[6,-6]}}}]},{"name":"leg2","parent":"pelvis","pivot":[4,11.5,2],"rotation":[-35,-10,-25],"cubes":[{"origin":[1,3.5,-1],"size":[6,8,6],"uv":{"north":{"uv":[100,24],"uv_size":[-6,8]},"east":{"uv":[106,24],"uv_size":[-6,8]},"south":{"uv":[112,24],"uv_size":[-6,8]},"west":{"uv":[94,24],"uv_size":[-6,8]},"up":{"uv":[100,18],"uv_size":[-6,6]},"down":{"uv":[106,24],"uv_size":[-6,-6]}}}]},{"name":"foreleg2","parent":"leg2","pivot":[5,5.5,2],"rotation":[35,0,25],"cubes":[{"origin":[2,-2.5,-1],"size":[6,8,6],"uv":{"north":{"uv":[100,38],"uv_size":[-6,8]},"east":{"uv":[106,38],"uv_size":[-6,8]},"south":{"uv":[112,38],"uv_size":[-6,8]},"west":{"uv":[94,38],"uv_size":[-6,8]},"up":{"uv":[100,32],"uv_size":[-6,6]},"down":{"uv":[106,38],"uv_size":[-6,-6]}}}]}]}]}