{"format_version":"1.12.0","minecraft:geometry":[{"description":{"identifier":"geometry.MutantArrowModel","texture_width":32,"texture_height":32,"visible_bounds_width":3,"visible_bounds_height":1.5,"visible_bounds_offset":[0,0.25,0]},"bones":[{"name":"stick","pivot":[0,0,14],"cubes":[{"origin":[-0.5,-0.5,-12],"size":[1,1,26],"uv":{"north":{"uv":[16,26],"uv_size":[4.25,1]},"east":{"uv":[0,26],"uv_size":[32,1]},"south":{"uv":[0,26],"uv_size":[2,1]},"west":{"uv":[0,26],"uv_size":[31,1]},"up":{"uv":[0,27],"uv_size":[31,-1]},"down":{"uv":[32,27],"uv_size":[-32,-1]}}}]},{"name":"point1","parent":"stick","pivot":[0,0,-12],"rotation":[0,45,0],"cubes":[{"origin":[-3,-0.5,-12],"size":[3,1,1],"inflate":0.25,"uv":{"north":{"uv":[0.375,4.375],"uv_size":[-0.25,1.25]},"east":{"uv":[1.125,3.375],"uv_size":[0.25,2.25]},"south":{"uv":[1.375,0.375],"uv_size":[0.75,0.25]},"west":{"uv":[1.125,0.375],"uv_size":[0.25,0.25]},"up":{"uv":[2.375,0.125],"uv_size":[0.75,0.25]},"down":{"uv":[1.125,0.375],"uv_size":[0.75,-0.25]}}}]},{"name":"point2","parent":"stick","pivot":[0,0,-12],"rotation":[0,-45,0],"cubes":[{"origin":[0,-0.5,-12],"size":[3,1,1],"inflate":0.251,"uv":{"north":{"uv":[0.25,5.25],"uv_size":[1.75,-0.75]},"east":{"uv":[2,0.25],"uv_size":[1,1.25]},"south":{"uv":[1.25,0.25],"uv_size":[0.75,0.25]},"west":{"uv":[1,0.25],"uv_size":[0.25,0.25]},"up":{"uv":[0.25,3],"uv_size":[1.75,1.25]},"down":{"uv":[1,0.25],"uv_size":[0.75,-0.25]}}}]},{"name":"point3","parent":"stick","pivot":[0,0,-13],"rotation":[-45,0,0],"cubes":[{"origin":[-0.5,0,-13],"size":[1,3,1],"inflate":0.25,"uv":{"north":{"uv":[2,0.75],"uv_size":[1.5,0.75]},"east":{"uv":[0,3.75],"uv_size":[0.25,0.75]},"south":{"uv":[0.75,0.75],"uv_size":[0.25,0.75]},"west":{"uv":[0.5,0.75],"uv_size":[0.25,0.75]},"up":{"uv":[1.25,3.5],"uv_size":[0.25,2.25]},"down":{"uv":[0.5,0.75],"uv_size":[0.25,-0.25]}}}]},{"name":"point4","parent":"stick","pivot":[0,0,-13],"rotation":[45,0,0],"cubes":[{"origin":[-0.5,-3,-13],"size":[1,3,1],"inflate":0.251,"uv":{"north":{"uv":[2.25,0.75],"uv_size":[0.25,0.75]},"east":{"uv":[0,4.75],"uv_size":[1.25,-1.25]},"south":{"uv":[0.75,0.75],"uv_size":[0.25,0.75]},"west":{"uv":[0.5,0.75],"uv_size":[0.25,0.75]},"up":{"uv":[1,3.5],"uv_size":[1,1.25]},"down":{"uv":[0.5,0.75],"uv_size":[0.25,-0.25]}}}]}]}]}