{"format_version":"1.12.0","minecraft:geometry":[{"description":{"identifier":"geometry.CYMutant_mutant_enderman_r1_block","texture_width":128,"texture_height":128,"visible_bounds_width":7,"visible_bounds_height":8,"visible_bounds_offset":[0,3,0]},"bones":[{"name":"pelvis","pivot":[-3,37.5,8],"rotation":[-15,0,0]},{"name":"abdomen","parent":"pelvis","pivot":[-3,37.5,8]},{"name":"chest","parent":"abdomen","pivot":[-3,45.5,8],"rotation":[25,0,0]},{"name":"body","parent":"chest","pivot":[-3,45.5,10],"rotation":[25,0,0]},{"name":"rightArm","parent":"body","pivot":[-8,64.5,10],"rotation":[0,-7.5,10]},{"name":"foreleg3","parent":"rightArm","pivot":[-16,46.5,1]},{"name":"hand","parent":"foreleg3","pivot":[-20.13664,44.11318,-21.08955],"rotation":[-85,9.2473,-7.4635]},{"name":"r1_block","parent":"hand","pivot":[-20.13664,44.11318,-21.08955],"cubes":[{"origin":[-26.13664,27.11318,-38.08955],"size":[16,16,16],"pivot":[-20.13664,44.11318,-21.08955],"rotation":[90,0,0],"uv":{"north":{"uv":[0,0],"uv_size":[64,64]},"east":{"uv":[0,0],"uv_size":[64,64]},"south":{"uv":[0,0],"uv_size":[64,64]},"west":{"uv":[0,0],"uv_size":[64,64]},"up":{"uv":[64,128],"uv_size":[-64,-64]},"down":{"uv":[128,128],"uv_size":[-64,-64]}}}]}]}]}