{"format_version":"1.12.0","minecraft:geometry":[{"description":{"identifier":"geometry.CYMutant_skeleton_main","texture_width":128,"texture_height":128,"visible_bounds_width":4,"visible_bounds_height":5.5,"visible_bounds_offset":[0,2.25,0]},"bones":[{"name":"skeleBase","pivot":[0,21,0]},{"name":"pelvis","parent":"skeleBase","pivot":[0,21,0],"cubes":[{"origin":[-4,21,-3],"size":[8,6,6],"uv":{"north":{"uv":[6,22],"uv_size":[8,6]},"east":{"uv":[0,22],"uv_size":[6,6]},"south":{"uv":[20,22],"uv_size":[8,6]},"west":{"uv":[14,22],"uv_size":[6,6]},"up":{"uv":[6,16],"uv_size":[8,6]},"down":{"uv":[14,22],"uv_size":[8,-6]}}}]},{"name":"waist","parent":"pelvis","pivot":[0,27,0],"rotation":[-10,0,0],"cubes":[{"origin":[-2.5,27,-2],"size":[5,8,4],"uv":{"north":{"uv":[36,4],"uv_size":[5,8]},"east":{"uv":[32,4],"uv_size":[4,8]},"south":{"uv":[45,4],"uv_size":[5,8]},"west":{"uv":[41,4],"uv_size":[4,8]},"up":{"uv":[36,0],"uv_size":[5,4]},"down":{"uv":[41,4],"uv_size":[5,-4]}}}]},{"name":"spine","parent":"waist","pivot":[0,33,0],"rotation":[15,0,0],"cubes":[{"origin":[-19.5,19,-2],"size":[5,8,4],"pivot":[-2,21,0],"rotation":[0,0,90],"uv":{"north":{"uv":[36,4],"uv_size":[5,8]},"east":{"uv":[32,4],"uv_size":[4,8]},"south":{"uv":[45,4],"uv_size":[5,8]},"west":{"uv":[41,4],"uv_size":[4,8]},"up":{"uv":[36,0],"uv_size":[5,4]},"down":{"uv":[41,4],"uv_size":[5,-4]}}}]},{"name":"spine2","parent":"spine","pivot":[0,38,0],"rotation":[15,0,0],"cubes":[{"origin":[-19.5,24,-2],"size":[5,8,4],"pivot":[-2,26,0],"rotation":[0,0,90],"uv":{"north":{"uv":[36,4],"uv_size":[5,8]},"east":{"uv":[32,4],"uv_size":[4,8]},"south":{"uv":[45,4],"uv_size":[5,8]},"west":{"uv":[41,4],"uv_size":[4,8]},"up":{"uv":[36,0],"uv_size":[5,4]},"down":{"uv":[41,4],"uv_size":[5,-4]}}}]},{"name":"spine3","parent":"spine2","pivot":[0,43,0],"cubes":[{"origin":[-19.5,29.40889,1.10583],"size":[5,8,4],"pivot":[-2,31.40889,3.10583],"rotation":[0,-15,90],"uv":{"north":{"uv":[36,4],"uv_size":[5,8]},"east":{"uv":[32,4],"uv_size":[4,8]},"south":{"uv":[45,4],"uv_size":[5,8]},"west":{"uv":[41,4],"uv_size":[4,8]},"up":{"uv":[36,0],"uv_size":[5,4]},"down":{"uv":[41,4],"uv_size":[5,-4]}}}]},{"name":"ribleft3","parent":"spine3","pivot":[4,45.5,0],"cubes":[{"origin":[-0.5,37,-0.5],"size":[2.5,7,2.5],"pivot":[0,45,-3],"rotation":[-40,0,-90],"uv":{"north":{"uv":[32,32],"uv_size":[3,8]},"east":{"uv":[41,32],"uv_size":[3,8]},"south":{"uv":[40,32],"uv_size":[3,8]},"west":{"uv":[37,28],"uv_size":[3,8]},"up":{"uv":[37,33],"uv_size":[3,3]},"down":{"uv":[40,32],"uv_size":[3,-3]}}}]},{"name":"bone20","parent":"ribleft3","pivot":[9,41,-9],"rotation":[0,77.5,-180],"cubes":[{"origin":[18.5,22.5,-9],"size":[2.5,7,2.5],"pivot":[19,37,-3],"rotation":[2.5,0,90],"uv":{"north":{"uv":[35,31],"uv_size":[3,8]},"east":{"uv":[32,33],"uv_size":[3,8]},"south":{"uv":[32,33],"uv_size":[3,8]},"west":{"uv":[36,33],"uv_size":[3,8]},"up":{"uv":[37,33],"uv_size":[3,3]},"down":{"uv":[40,32],"uv_size":[3,-3]}}}]},{"name":"bone21","parent":"bone20","pivot":[17,41,-8],"rotation":[0,-50,0],"cubes":[{"origin":[26.5,23,-4],"size":[2.5,7,2.5],"pivot":[27,37,-2],"rotation":[0,0,90],"uv":{"north":{"uv":[32,33],"uv_size":[3,8]},"east":{"uv":[32,34],"uv_size":[3,8]},"south":{"uv":[36,33],"uv_size":[3,8]},"west":{"uv":[36,33],"uv_size":[3,8]},"up":{"uv":[37,32],"uv_size":[3,3]},"down":{"uv":[36,37],"uv_size":[3,-3]}}}]},{"name":"ribright3","parent":"spine3","pivot":[-4,45.5,0],"cubes":[{"origin":[-13.91476,26.29383,-0.67044],"size":[2.5,7,2.5],"pivot":[0,33,-5],"rotation":[-40,0,90],"uv":{"north":{"uv":[32,32],"uv_size":[3,8]},"east":{"uv":[41,32],"uv_size":[3,8]},"south":{"uv":[40,32],"uv_size":[3,8]},"west":{"uv":[37,28],"uv_size":[3,8]},"up":{"uv":[37,33],"uv_size":[3,3]},"down":{"uv":[40,32],"uv_size":[3,-3]}}}]},{"name":"bone17","parent":"ribright3","pivot":[-9,37,-11],"rotation":[0,77.5,0],"cubes":[{"origin":[-12.91476,16.21961,-10.74525],"size":[2.5,7,2.5],"pivot":[1,33,-5],"rotation":[2.5,0,90],"uv":{"north":{"uv":[35,31],"uv_size":[3,8]},"east":{"uv":[32,33],"uv_size":[3,8]},"south":{"uv":[32,33],"uv_size":[3,8]},"west":{"uv":[36,33],"uv_size":[3,8]},"up":{"uv":[37,33],"uv_size":[3,3]},"down":{"uv":[40,32],"uv_size":[3,-3]}}}]},{"name":"bone18","parent":"bone17","pivot":[-1,37,-10],"rotation":[0,-50,0],"cubes":[{"origin":[-4.91476,17.49304,-4.14467],"size":[2.5,7,2.5],"pivot":[9,33,-4],"rotation":[0,0,90],"uv":{"north":{"uv":[32,33],"uv_size":[3,8]},"east":{"uv":[32,34],"uv_size":[3,8]},"south":{"uv":[36,33],"uv_size":[3,8]},"west":{"uv":[36,33],"uv_size":[3,8]},"up":{"uv":[37,32],"uv_size":[3,3]},"down":{"uv":[36,37],"uv_size":[3,-3]}}}]},{"name":"ribleft2","parent":"spine2","pivot":[4,41,0],"cubes":[{"origin":[-1.5,33,0.5],"size":[2.5,7,2.5],"pivot":[0,41,-2],"rotation":[-40,0,-90],"uv":{"north":{"uv":[32,32],"uv_size":[3,8]},"east":{"uv":[41,32],"uv_size":[3,8]},"south":{"uv":[40,32],"uv_size":[3,8]},"west":{"uv":[37,28],"uv_size":[3,8]},"up":{"uv":[37,33],"uv_size":[3,3]},"down":{"uv":[40,32],"uv_size":[3,-3]}}}]},{"name":"bone14","parent":"ribleft2","pivot":[9,37,-8],"rotation":[0,77.5,-180],"cubes":[{"origin":[17.5,18.5,-8.002],"size":[2.5,7,2.5],"pivot":[19,33,-2],"rotation":[2.5,0,90],"uv":{"north":{"uv":[35,31],"uv_size":[3,8]},"east":{"uv":[32,33],"uv_size":[3,8]},"south":{"uv":[32,33],"uv_size":[3,8]},"west":{"uv":[36,33],"uv_size":[3,8]},"up":{"uv":[37,33],"uv_size":[3,3]},"down":{"uv":[40,32],"uv_size":[3,-3]}}}]},{"name":"bone15","parent":"bone14","pivot":[17,38,-7],"rotation":[0,-50,0],"cubes":[{"origin":[26.5,20,-3],"size":[2.5,7,2.5],"pivot":[27,34,-1],"rotation":[0,0,90],"uv":{"north":{"uv":[32,33],"uv_size":[3,8]},"east":{"uv":[32,34],"uv_size":[3,8]},"south":{"uv":[36,33],"uv_size":[3,8]},"west":{"uv":[36,33],"uv_size":[3,8]},"up":{"uv":[37,32],"uv_size":[3,3]},"down":{"uv":[36,37],"uv_size":[3,-3]}}}]},{"name":"ribright2","parent":"spine2","pivot":[-4,41,0],"cubes":[{"origin":[-11,22.81908,0.57202],"size":[2.5,7,2.5],"pivot":[0,31,-2],"rotation":[-40,0,90],"uv":{"north":{"uv":[32,32],"uv_size":[3,8]},"east":{"uv":[41,32],"uv_size":[3,8]},"south":{"uv":[40,32],"uv_size":[3,8]},"west":{"uv":[37,28],"uv_size":[3,8]},"up":{"uv":[37,33],"uv_size":[3,3]},"down":{"uv":[40,32],"uv_size":[3,-3]}}}]},{"name":"bone11","parent":"ribright2","pivot":[-9,35,-8],"rotation":[0,77.5,0],"cubes":[{"origin":[-10,16.47906,-8.14365],"size":[2.5,7,2.5],"pivot":[1,31,-2],"rotation":[2.5,0,90],"uv":{"north":{"uv":[35,31],"uv_size":[3,8]},"east":{"uv":[32,33],"uv_size":[3,8]},"south":{"uv":[32,33],"uv_size":[3,8]},"west":{"uv":[36,33],"uv_size":[3,8]},"up":{"uv":[37,33],"uv_size":[3,3]},"down":{"uv":[40,32],"uv_size":[3,-3]}}}]},{"name":"bone12","parent":"bone11","pivot":[-1,35,-7],"rotation":[0,-50,0],"cubes":[{"origin":[-2,16.55244,-3.17975],"size":[2.5,7,2.5],"pivot":[9,31,-1],"rotation":[0,0,90],"uv":{"north":{"uv":[32,33],"uv_size":[3,8]},"east":{"uv":[32,34],"uv_size":[3,8]},"south":{"uv":[36,33],"uv_size":[3,8]},"west":{"uv":[36,33],"uv_size":[3,8]},"up":{"uv":[37,32],"uv_size":[3,3]},"down":{"uv":[36,37],"uv_size":[3,-3]}}}]},{"name":"ribleft1","parent":"spine","pivot":[4,36,0],"cubes":[{"origin":[-4.5,29.46593,0.74118],"size":[2.5,7,2.5],"pivot":[0,38.96593,-0.25882],"rotation":[-40,15,-90],"uv":{"north":{"uv":[32,32],"uv_size":[3,8]},"east":{"uv":[41,32],"uv_size":[3,8]},"south":{"uv":[40,32],"uv_size":[3,8]},"west":{"uv":[37,28],"uv_size":[3,8]},"up":{"uv":[37,33],"uv_size":[3,3]},"down":{"uv":[40,32],"uv_size":[3,-3]}}}]},{"name":"bone8","parent":"ribleft1","pivot":[9,33.54931,-5.0191],"rotation":[-51.07,70.5667,130.5821],"cubes":[{"origin":[14.5,17.04931,-5.5191],"size":[2.5,7,2.5],"pivot":[19,29.54931,0.9809],"rotation":[2.5,0,90],"uv":{"north":{"uv":[35,31],"uv_size":[3,8]},"east":{"uv":[32,33],"uv_size":[3,8]},"south":{"uv":[32,33],"uv_size":[3,8]},"west":{"uv":[36,33],"uv_size":[3,8]},"up":{"uv":[37,33],"uv_size":[3,3]},"down":{"uv":[40,32],"uv_size":[3,-3]}}}]},{"name":"bone9","parent":"bone8","pivot":[17,33.54931,-4.0191],"rotation":[0,-50,0],"cubes":[{"origin":[22.5,16.04931,-2.0191],"size":[2.5,7,2.5],"pivot":[27,29.54931,1.9809],"rotation":[0,0,90],"uv":{"north":{"uv":[32,33],"uv_size":[3,8]},"east":{"uv":[32,34],"uv_size":[3,8]},"south":{"uv":[36,33],"uv_size":[3,8]},"west":{"uv":[36,33],"uv_size":[3,8]},"up":{"uv":[37,32],"uv_size":[3,3]},"down":{"uv":[36,37],"uv_size":[3,-3]}}}]},{"name":"ribright1","parent":"spine","pivot":[-4,36,0],"cubes":[{"origin":[-5,22.53407,2.25882],"size":[2.5,7,2.5],"pivot":[0,32.03407,1.25882],"rotation":[-40,-15,90],"uv":{"north":{"uv":[32,32],"uv_size":[3,8]},"east":{"uv":[41,32],"uv_size":[3,8]},"south":{"uv":[40,32],"uv_size":[3,8]},"west":{"uv":[37,28],"uv_size":[3,8]},"up":{"uv":[37,33],"uv_size":[3,3]},"down":{"uv":[40,32],"uv_size":[3,-3]}}}]},{"name":"bone5","parent":"ribright1","pivot":[-9,34.34486,-5.57201],"rotation":[51.07,70.5667,49.4179],"cubes":[{"origin":[-4,17.84486,-6.07201],"size":[2.5,7,2.5],"pivot":[1,30.34486,0.42799],"rotation":[2.5,0,90],"uv":{"north":{"uv":[35,31],"uv_size":[3,8]},"east":{"uv":[32,33],"uv_size":[3,8]},"south":{"uv":[32,33],"uv_size":[3,8]},"west":{"uv":[36,33],"uv_size":[3,8]},"up":{"uv":[37,33],"uv_size":[3,3]},"down":{"uv":[40,32],"uv_size":[3,-3]}}}]},{"name":"bone6","parent":"bone5","pivot":[-1,34.34486,-4.57201],"rotation":[0,-50,0],"cubes":[{"origin":[4,16.84486,-2.57201],"size":[2.5,7,2.5],"pivot":[9,30.34486,1.42799],"rotation":[0,0,90],"uv":{"north":{"uv":[32,33],"uv_size":[3,8]},"east":{"uv":[32,34],"uv_size":[3,8]},"south":{"uv":[36,33],"uv_size":[3,8]},"west":{"uv":[36,33],"uv_size":[3,8]},"up":{"uv":[37,32],"uv_size":[3,3]},"down":{"uv":[36,37],"uv_size":[3,-3]}}}]},{"name":"neck","parent":"waist","pivot":[0,47,-7],"rotation":[42.5,0,0],"cubes":[{"origin":[-1.5,46,-9.5],"size":[3,5,3],"uv":{"north":{"uv":[60,4],"uv_size":[3,4]},"east":{"uv":[61,4],"uv_size":[3,4]},"south":{"uv":[73,3],"uv_size":[3,4]},"west":{"uv":[70,3],"uv_size":[3,4]},"up":{"uv":[55,4],"uv_size":[3,3]},"down":{"uv":[73,4],"uv_size":[3,-3]}}}]},{"name":"head","parent":"neck","pivot":[-1,51,-10],"rotation":[-10,0,0],"cubes":[{"origin":[-4,51.5,-12.5],"size":[8,8,8],"inflate":0.4,"uv":{"north":{"uv":[8,9],"uv_size":[8,8]},"east":{"uv":[0,8],"uv_size":[8,8]},"south":{"uv":[24,8],"uv_size":[8,8]},"west":{"uv":[16,8],"uv_size":[8,8]},"up":{"uv":[8,0],"uv_size":[8,8]},"down":{"uv":[16,8],"uv_size":[8,-8]}}}]},{"name":"jaw","parent":"head","pivot":[0,51.2,-10.5],"cubes":[{"origin":[-4,51.5,-12.5],"size":[8,3,8],"inflate":0.7,"uv":{"north":{"uv":[80,8],"uv_size":[8,3]},"east":{"uv":[72,8],"uv_size":[8,3]},"south":{"uv":[96,8],"uv_size":[8,3]},"west":{"uv":[88,8],"uv_size":[8,3]},"up":{"uv":[80,0],"uv_size":[8,8]},"down":{"uv":[88,8],"uv_size":[8,-8]}}}]},{"name":"shoulder1","parent":"waist","pivot":[-8,46,-7],"cubes":[{"origin":[-12,46,-10],"size":[8,3,6],"uv":{"north":{"uv":[34,22],"uv_size":[8,3]},"east":{"uv":[28,22],"uv_size":[6,3]},"south":{"uv":[48,22],"uv_size":[8,3]},"west":{"uv":[42,22],"uv_size":[6,3]},"up":{"uv":[34,16],"uv_size":[8,6]},"down":{"uv":[42,22],"uv_size":[8,-6]}}}]},{"name":"arm1","parent":"shoulder1","pivot":[-9,47,-7],"rotation":[20,5,20],"cubes":[{"origin":[-11,35,-9],"size":[4,12,4],"uv":{"north":{"uv":[4,32],"uv_size":[4,12]},"east":{"uv":[0,32],"uv_size":[4,12]},"south":{"uv":[12,32],"uv_size":[4,12]},"west":{"uv":[8,32],"uv_size":[4,12]},"up":{"uv":[4,28],"uv_size":[4,4]},"down":{"uv":[8,32],"uv_size":[4,-4]}}}]},{"name":"forearm1","parent":"arm1","pivot":[-9,36,-7],"rotation":[-30,0,0],"cubes":[{"origin":[-11,22,-9],"size":[4,14,4],"inflate":-0.01,"uv":{"north":{"uv":[20,32],"uv_size":[4,14]},"east":{"uv":[16,32],"uv_size":[4,14]},"south":{"uv":[28,32],"uv_size":[4,14]},"west":{"uv":[24,32],"uv_size":[4,14]},"up":{"uv":[20,28],"uv_size":[4,4]},"down":{"uv":[24,32],"uv_size":[4,-4]}}}]},{"name":"armwear","parent":"forearm1","pivot":[-9,27,-7],"cubes":[{"origin":[-11,24,-9],"size":[4,6,4],"inflate":0.3,"uv":{"north":{"uv":[4,64],"uv_size":[3,4]},"east":{"uv":[4,66],"uv_size":[4,6]},"south":{"uv":[7,64],"uv_size":[4,6]},"west":{"uv":[7,67],"uv_size":[4,6]},"up":{"uv":[0,69],"uv_size":[4,4]},"down":{"uv":[11,73],"uv_size":[4,-4]}}}]},{"name":"middle2","parent":"armwear","pivot":[-12.5,27,-7],"cubes":[{"origin":[-14.5,25,-10],"size":[4,4,6],"uv":{"north":{"uv":[23,65],"uv_size":[4,4]},"east":{"uv":[23,70],"uv_size":[6,4]},"south":{"uv":[25,65],"uv_size":[4,4]},"west":{"uv":[16,70],"uv_size":[6,4]},"up":{"uv":[22,67],"uv_size":[4,6]},"down":{"uv":[25,73],"uv_size":[4,-6]}}}]},{"name":"middle1","parent":"middle2","pivot":[-12.5,26.4,-11],"rotation":[20,0,0],"cubes":[{"origin":[-14,24.9,-14],"size":[3,3,6],"uv":{"north":{"uv":[11,70],"uv_size":[3,3]},"east":{"uv":[42,70],"uv_size":[6,3]},"south":{"uv":[8,70],"uv_size":[3,3]},"west":{"uv":[9,70],"uv_size":[6,3]},"up":{"uv":[42,65],"uv_size":[3,6]},"down":{"uv":[44,71],"uv_size":[3,-6]}}}]},{"name":"side1","parent":"middle1","pivot":[-12.5,26.4,-13],"rotation":[-35,0,0],"cubes":[{"origin":[-13.5,25.4,-21],"size":[2,2,8],"uv":{"north":{"uv":[9,81],"uv_size":[2,2]},"east":{"uv":[6,82],"uv_size":[8,2]},"south":{"uv":[9,78],"uv_size":[2,2]},"west":{"uv":[2,82],"uv_size":[8,2]},"up":{"uv":[9,75],"uv_size":[2,8]},"down":{"uv":[8,83],"uv_size":[2,-8]}}}]},{"name":"side3","parent":"side1","pivot":[-12.5,26.4,-18],"rotation":[-35,0,0],"cubes":[{"origin":[-13,25.9,-26],"size":[1,1,8],"uv":{"north":{"uv":[3,70],"uv_size":[10,3]},"east":{"uv":[25,82],"uv_size":[8,1]},"south":{"uv":[9,70],"uv_size":[1,1]},"west":{"uv":[23,82],"uv_size":[8,1]},"up":{"uv":[28,74],"uv_size":[1,8]},"down":{"uv":[28,82],"uv_size":[1,-8]}}}]},{"name":"rope1","parent":"side3","pivot":[-12.5,26.4,-24],"cubes":[{"origin":[-13,30.9,-2],"size":[1,1,17],"inflate":-0.4,"pivot":[-9,3,-7],"rotation":[50,0,0],"uv":{"north":{"uv":[16,96],"uv_size":[1,1]},"east":{"uv":[6,99],"uv_size":[15,1]},"south":{"uv":[16,88],"uv_size":[1,1]},"west":{"uv":[4,99],"uv_size":[15,1]},"up":{"uv":[16,85],"uv_size":[1,15]},"down":{"uv":[15,99],"uv_size":[1,-15]}}}]},{"name":"middle3","parent":"middle2","pivot":[-12.5,26.4,-3],"rotation":[-20,0,0],"cubes":[{"origin":[-14,24.9,-6],"size":[3,3,6],"uv":{"north":{"uv":[9,70],"uv_size":[3,3]},"east":{"uv":[5,69],"uv_size":[6,3]},"south":{"uv":[8,70],"uv_size":[3,3]},"west":{"uv":[7,69],"uv_size":[6,3]},"up":{"uv":[5,66],"uv_size":[3,6]},"down":{"uv":[8,72],"uv_size":[3,-6]}}}]},{"name":"side2","parent":"middle3","pivot":[-12.5,26.4,-1],"rotation":[35,0,0],"cubes":[{"origin":[-13.5,25.4,-1],"size":[2,2,8],"uv":{"north":{"uv":[9,71],"uv_size":[2,2]},"east":{"uv":[37,71],"uv_size":[8,2]},"south":{"uv":[9,71],"uv_size":[2,2]},"west":{"uv":[39,70],"uv_size":[8,2]},"up":{"uv":[8,74],"uv_size":[2,8]},"down":{"uv":[9,83],"uv_size":[2,-8]}}}]},{"name":"side4","parent":"side2","pivot":[-12.5,26.4,4],"rotation":[35,0,0],"cubes":[{"origin":[-13,25.9,4],"size":[1,1,8],"uv":{"north":{"uv":[10,82],"uv_size":[1,1]},"east":{"uv":[3,72],"uv_size":[8,1]},"south":{"uv":[10,72],"uv_size":[1,1]},"west":{"uv":[5,72],"uv_size":[8,1]},"up":{"uv":[8,75],"uv_size":[1,8]},"down":{"uv":[10,83],"uv_size":[1,-8]}}}]},{"name":"rope2","parent":"side4","pivot":[-12.5,26.4,10],"cubes":[{"origin":[-13,30.9,-29],"size":[1,1,17],"inflate":-0.4,"pivot":[-9,3,-7],"rotation":[-50,0,0],"uv":{"north":{"uv":[16,89],"uv_size":[1,1]},"east":{"uv":[0,99],"uv_size":[15,1]},"south":{"uv":[16,91],"uv_size":[1,1]},"west":{"uv":[0,99],"uv_size":[15,1]},"up":{"uv":[15,84],"uv_size":[1,15]},"down":{"uv":[16,99],"uv_size":[1,-15]}}}]},{"name":"shoulder2","parent":"waist","pivot":[8,47,-7],"cubes":[{"origin":[4,47,-10],"size":[8,3,6],"uv":{"north":{"uv":[42,22],"uv_size":[-8,3]},"east":{"uv":[48,22],"uv_size":[-6,3]},"south":{"uv":[56,22],"uv_size":[-8,3]},"west":{"uv":[34,22],"uv_size":[-6,3]},"up":{"uv":[42,16],"uv_size":[-8,6]},"down":{"uv":[50,22],"uv_size":[-8,-6]}}}]},{"name":"arm2","parent":"shoulder2","pivot":[9,48,-7],"rotation":[20,-5,-20],"cubes":[{"origin":[7,36,-9],"size":[4,12,4],"uv":{"north":{"uv":[8,32],"uv_size":[-4,12]},"east":{"uv":[12,32],"uv_size":[-4,12]},"south":{"uv":[16,32],"uv_size":[-4,12]},"west":{"uv":[4,32],"uv_size":[-4,12]},"up":{"uv":[8,28],"uv_size":[-4,4]},"down":{"uv":[12,32],"uv_size":[-4,-4]}}}]},{"name":"forearm2","parent":"arm2","pivot":[9,37,-7],"rotation":[-30,0,0],"cubes":[{"origin":[7,23,-9],"size":[4,14,4],"inflate":-0.01,"uv":{"north":{"uv":[24,32],"uv_size":[-4,14]},"east":{"uv":[28,32],"uv_size":[-4,14]},"south":{"uv":[32,32],"uv_size":[-4,14]},"west":{"uv":[20,32],"uv_size":[-4,14]},"up":{"uv":[24,28],"uv_size":[-4,4]},"down":{"uv":[28,32],"uv_size":[-4,-4]}}}]},{"name":"leg1","parent":"pelvis","pivot":[-2.5,23.5,0],"rotation":[-25,0,15],"cubes":[{"origin":[-4.5,11.5,-2],"size":[4,12,4],"uv":{"north":{"uv":[4,32],"uv_size":[4,12]},"east":{"uv":[0,32],"uv_size":[4,12]},"south":{"uv":[12,32],"uv_size":[4,12]},"west":{"uv":[8,32],"uv_size":[4,12]},"up":{"uv":[4,28],"uv_size":[4,4]},"down":{"uv":[8,32],"uv_size":[4,-4]}}}]},{"name":"foreleg1","parent":"leg1","pivot":[-2.5,11.5,0],"rotation":[25,0,-15],"cubes":[{"origin":[-4.5,-0.5,-2],"size":[4,12,4],"uv":{"north":{"uv":[36,32],"uv_size":[4,12]},"east":{"uv":[32,32],"uv_size":[4,12]},"south":{"uv":[44,32],"uv_size":[4,12]},"west":{"uv":[40,32],"uv_size":[4,12]},"up":{"uv":[36,28],"uv_size":[4,4]},"down":{"uv":[40,32],"uv_size":[4,-4]}}}]},{"name":"leg2","parent":"pelvis","pivot":[2.5,23.5,0],"rotation":[-25,0,-15],"cubes":[{"origin":[0.5,11.5,-2],"size":[4,12,4],"uv":{"north":{"uv":[8,32],"uv_size":[-4,12]},"east":{"uv":[12,32],"uv_size":[-4,12]},"south":{"uv":[16,32],"uv_size":[-4,12]},"west":{"uv":[4,32],"uv_size":[-4,12]},"up":{"uv":[8,28],"uv_size":[-4,4]},"down":{"uv":[12,32],"uv_size":[-4,-4]}}}]},{"name":"foreleg2","parent":"leg2","pivot":[2.5,11.5,0],"rotation":[25,0,15],"cubes":[{"origin":[0.5,-0.5,-2],"size":[4,12,4],"uv":{"north":{"uv":[40,32],"uv_size":[-4,12]},"east":{"uv":[44,32],"uv_size":[-4,12]},"south":{"uv":[48,32],"uv_size":[-4,12]},"west":{"uv":[36,32],"uv_size":[-4,12]},"up":{"uv":[40,28],"uv_size":[-4,4]},"down":{"uv":[44,32],"uv_size":[-4,-4]}}}]}]}]}