{"format_version":"1.12.0","minecraft:geometry":[{"description":{"identifier":"geometry.CYMutant_mutant_enderman","texture_width":128,"texture_height":128,"visible_bounds_width":7,"visible_bounds_height":8,"visible_bounds_offset":[0,3,0]},"bones":[{"name":"pelvis","pivot":[-3,37.5,8],"rotation":[-15,0,0]},{"name":"abdomen","parent":"pelvis","pivot":[-3,37.5,8],"locators":{"locator":[-3,48,7]}},{"name":"chest","parent":"abdomen","pivot":[-3,45.5,8],"rotation":[25,0,0],"cubes":[{"origin":[-7,43.5,6],"size":[8,10,4],"uv":{"north":{"uv":[36,65],"uv_size":[8,10]},"east":{"uv":[32,65],"uv_size":[4,10]},"south":{"uv":[48,65],"uv_size":[8,10]},"west":{"uv":[44,65],"uv_size":[4,10]},"up":{"uv":[36,61],"uv_size":[8,4]},"down":{"uv":[43,65],"uv_size":[8,-4]}}}]},{"name":"body","parent":"chest","pivot":[-3,45.5,10],"rotation":[25,0,0],"cubes":[{"origin":[-8,51.5,7],"size":[10,16,6],"uv":{"north":{"uv":[56,75],"uv_size":[10,16]},"east":{"uv":[50,75],"uv_size":[6,16]},"south":{"uv":[72,75],"uv_size":[10,16]},"west":{"uv":[66,75],"uv_size":[6,16]},"up":{"uv":[56,69],"uv_size":[10,6]},"down":{"uv":[66,76],"uv_size":[10,-6]}}}]},{"name":"neck","parent":"body","pivot":[-3,66.5,10],"rotation":[10,0,0],"cubes":[{"origin":[-4.5,66.5,8.5],"size":[3,4,3],"uv":{"north":{"uv":[35,78],"uv_size":[3,4]},"east":{"uv":[32,78],"uv_size":[3,4]},"south":{"uv":[41,78],"uv_size":[3,4]},"west":{"uv":[38,78],"uv_size":[3,4]},"up":{"uv":[35,75],"uv_size":[3,3]},"down":{"uv":[38,78],"uv_size":[3,-3]}}}]},{"name":"head","parent":"neck","pivot":[-3,69,10],"cubes":[{"origin":[-7,72.5,5],"size":[8,6,8],"inflate":0.5,"uv":{"north":{"uv":[8,69],"uv_size":[8,6]},"east":{"uv":[16,69],"uv_size":[8,6]},"south":{"uv":[8,62],"uv_size":[8,6]},"west":{"uv":[16,69],"uv_size":[8,6]},"up":{"uv":[8,61],"uv_size":[8,8]},"down":{"uv":[8,69],"uv_size":[8,-8]}}},{"origin":[-7,69.5,5],"size":[8,2,8],"inflate":0.5,"uv":{"north":{"uv":[16,69],"uv_size":[8,2]},"east":{"uv":[15,92],"uv_size":[8,2]},"south":{"uv":[15,69],"uv_size":[8,2]},"west":{"uv":[9,92],"uv_size":[8,2]},"up":{"uv":[53,80],"uv_size":[8,8]},"down":{"uv":[4,114],"uv_size":[8,-8]}}}]},{"name":"mouth","parent":"head","pivot":[-3,68.5,13],"cubes":[{"origin":[-7,69.5,5],"size":[8,2,8],"uv":{"north":{"uv":[13,84],"uv_size":[8,2]},"east":{"uv":[0,93],"uv_size":[8,2]},"south":{"uv":[24,93],"uv_size":[8,2]},"west":{"uv":[15,93],"uv_size":[8,2]},"up":{"uv":[8,85],"uv_size":[8,8]},"down":{"uv":[5,112],"uv_size":[8,-8]}}}]},{"name":"rightArm","parent":"body","pivot":[-8,64.5,10],"rotation":[0,-7.5,10],"cubes":[{"origin":[-34.46539,59.18422,-22.78981],"size":[3,22,3],"inflate":0.5,"pivot":[-23.96539,16.18422,-32.03981],"rotation":[-30,20,10],"uv":{"north":{"uv":[3,98],"uv_size":[3,24]},"east":{"uv":[0,98],"uv_size":[3,24]},"south":{"uv":[9,98],"uv_size":[3,24]},"west":{"uv":[6,98],"uv_size":[3,24]},"up":{"uv":[3,95],"uv_size":[3,3]},"down":{"uv":[6,98],"uv_size":[3,-3]}}}]},{"name":"foreleg3","parent":"rightArm","pivot":[-16,46.5,1],"cubes":[{"origin":[-24.54156,66.36718,-51.99406],"size":[3,22,3],"inflate":0.5,"pivot":[-6.89834,41.64054,-48.23054],"rotation":[-85,9.2473,-7.4635],"uv":{"north":{"uv":[3,98],"uv_size":[3,24]},"east":{"uv":[0,98],"uv_size":[3,24]},"south":{"uv":[9,98],"uv_size":[3,24]},"west":{"uv":[6,98],"uv_size":[3,24]},"up":{"uv":[3,95],"uv_size":[3,3]},"down":{"uv":[6,98],"uv_size":[3,-3]}}}]},{"name":"hand","parent":"foreleg3","pivot":[-20.13664,44.11318,-21.08955],"rotation":[-85,9.2473,-7.4635]},{"name":"finger1","parent":"hand","pivot":[-19.77986,44.33982,-20.85307],"rotation":[-25,0,-25],"cubes":[{"origin":[-20.27986,38.33982,-21.35307],"size":[1,6,1],"inflate":0.59,"uv":{"north":{"uv":[53,78],"uv_size":[2,6]},"east":{"uv":[45,67],"uv_size":[2,6]},"south":{"uv":[52,66],"uv_size":[2,6]},"west":{"uv":[61,80],"uv_size":[2,6]},"up":{"uv":[58,80],"uv_size":[2,2]},"down":{"uv":[18,91],"uv_size":[2,-2]}}}]},{"name":"foreFinger1","parent":"finger1","pivot":[-19.77986,37.83982,-20.85307],"rotation":[35,0,0],"cubes":[{"origin":[-20.27986,31.83982,-21.35307],"size":[1,6,1],"inflate":0.59,"uv":{"north":{"uv":[19,105],"uv_size":[2,6]},"east":{"uv":[68,80],"uv_size":[2,6]},"south":{"uv":[40,68],"uv_size":[2,6]},"west":{"uv":[11,64],"uv_size":[2,6]},"up":{"uv":[66,81],"uv_size":[-2,-2]},"down":{"uv":[57,85],"uv_size":[-2,-2]}}}]},{"name":"finger2","parent":"hand","pivot":[-19.77986,44.33982,-20.85307],"rotation":[-20,0,20],"cubes":[{"origin":[-20.27986,40.33982,-21.35307],"size":[1,4,1],"inflate":0.59,"uv":{"north":{"uv":[19,87],"uv_size":[2,6]},"east":{"uv":[34,67],"uv_size":[2,6]},"south":{"uv":[35,67],"uv_size":[2,6]},"west":{"uv":[66,83],"uv_size":[2,6]},"up":{"uv":[102,77],"uv_size":[-2,-2]},"down":{"uv":[61,85],"uv_size":[-2,-2]}}}]},{"name":"foreFinger2","parent":"finger2","pivot":[-19.77986,38.83982,-20.85307],"rotation":[35,0,0],"cubes":[{"origin":[-20.27986,33.83982,-21.35307],"size":[1,5,1],"inflate":0.59,"uv":{"north":{"uv":[5,101],"uv_size":[2,6]},"east":{"uv":[60,83],"uv_size":[2,6]},"south":{"uv":[20,87],"uv_size":[2,6]},"west":{"uv":[59,81],"uv_size":[2,6]},"up":{"uv":[4,109],"uv_size":[2,2]},"down":{"uv":[15,90],"uv_size":[2,-2]}}}]},{"name":"finger3","parent":"hand","pivot":[-19.77986,45.33982,-20.85307],"rotation":[-20,0,-2.5],"cubes":[{"origin":[-20.27986,39.33982,-21.35307],"size":[1,6,1],"inflate":0.59,"uv":{"north":{"uv":[19,87],"uv_size":[2,6]},"east":{"uv":[57,78],"uv_size":[2,6]},"south":{"uv":[54,78],"uv_size":[2,6]},"west":{"uv":[18,87],"uv_size":[2,6]},"up":{"uv":[38,76],"uv_size":[-2,-2]},"down":{"uv":[21,90],"uv_size":[-2,-2]}}}]},{"name":"foreFinger3","parent":"finger3","pivot":[-19.77986,38.83982,-20.85307],"rotation":[35,0,0],"cubes":[{"origin":[-20.27986,32.83982,-21.35307],"size":[1,6,1],"inflate":0.59,"uv":{"north":{"uv":[3,98],"uv_size":[2,6]},"east":{"uv":[99,72],"uv_size":[2,6]},"south":{"uv":[19,87],"uv_size":[2,6]},"west":{"uv":[50,67],"uv_size":[2,6]},"up":{"uv":[60,83],"uv_size":[2,2]},"down":{"uv":[60,87],"uv_size":[-2,-2]}}}]},{"name":"thumb","parent":"hand","pivot":[-19.77986,43.33982,-20.35307],"rotation":[-20,0,-50],"cubes":[{"origin":[-20.27986,37.33982,-22.35307],"size":[1,4.5,1],"inflate":0.59,"uv":{"north":{"uv":[40,67],"uv_size":[2,6]},"east":{"uv":[73,81],"uv_size":[2,6]},"south":{"uv":[18,86],"uv_size":[2,6]},"west":{"uv":[40,67],"uv_size":[2,6]},"up":{"uv":[56,81],"uv_size":[2,2]},"down":{"uv":[17,89],"uv_size":[2,-2]}}}]},{"name":"bone2","parent":"thumb","pivot":[-19.77986,36.33982,-22.35307],"rotation":[35,0,0],"cubes":[{"origin":[-20.27986,32.33982,-22.35307],"size":[1,4,1],"inflate":0.59,"uv":{"north":{"uv":[46,67],"uv_size":[2,6]},"east":{"uv":[16,87],"uv_size":[2,6]},"south":{"uv":[18,87],"uv_size":[2,6]},"west":{"uv":[70,79],"uv_size":[2,6]},"up":{"uv":[59,88],"uv_size":[-2,-2]},"down":{"uv":[16,89],"uv_size":[2,-2]}}}]},{"name":"r1_block","parent":"hand","pivot":[-20.13664,44.11318,-21.08955]},{"name":"leftArm","parent":"body","pivot":[2,64.5,10],"rotation":[0,5,-10],"cubes":[{"origin":[25.01789,60.16328,-20.73769],"size":[3,22,3],"inflate":0.5,"pivot":[23.51789,17.16328,-29.98769],"rotation":[-30,-20,-10],"uv":{"north":{"uv":[3,98],"uv_size":[3,24]},"east":{"uv":[0,98],"uv_size":[3,24]},"south":{"uv":[9,98],"uv_size":[3,24]},"west":{"uv":[6,98],"uv_size":[3,24]},"up":{"uv":[3,95],"uv_size":[3,3]},"down":{"uv":[6,98],"uv_size":[3,-3]}}}]},{"name":"foreleg4","parent":"leftArm","pivot":[10,47.5,1],"cubes":[{"origin":[15.25823,66.81367,-51.23421],"size":[3,22,3],"inflate":0.5,"pivot":[6.85922,41.42704,-47.59852],"rotation":[-85,-9.2473,7.4635],"uv":{"north":{"uv":[3,98],"uv_size":[3,24]},"east":{"uv":[0,98],"uv_size":[3,24]},"south":{"uv":[9,98],"uv_size":[3,24]},"west":{"uv":[6,98],"uv_size":[3,24]},"up":{"uv":[3,95],"uv_size":[3,3]},"down":{"uv":[6,98],"uv_size":[3,-3]}}}]},{"name":"hand2","parent":"foreleg4","pivot":[13.09962,44.90435,-20.59916],"rotation":[-85,-9.2473,7.4635]},{"name":"finger4","parent":"hand2","pivot":[12.49863,44.79098,-20.23485],"rotation":[-25,0,25],"cubes":[{"origin":[11.99863,38.79098,-20.73485],"size":[1,6,1],"inflate":0.59,"uv":{"north":{"uv":[98,71],"uv_size":[2,6]},"east":{"uv":[57,78],"uv_size":[2,6]},"south":{"uv":[18,86],"uv_size":[2,6]},"west":{"uv":[20,69],"uv_size":[2,6]},"up":{"uv":[19,88],"uv_size":[2,2]},"down":{"uv":[18,92],"uv_size":[2,-2]}}}]},{"name":"foreFinger4","parent":"finger4","pivot":[12.49863,38.29098,-20.23485],"rotation":[35,0,0],"cubes":[{"origin":[11.99863,32.29098,-20.73485],"size":[1,6,1],"inflate":0.59,"uv":{"north":{"uv":[38,67],"uv_size":[2,6]},"east":{"uv":[46,67],"uv_size":[2,6]},"south":{"uv":[19,87],"uv_size":[2,6]},"west":{"uv":[40,66],"uv_size":[2,6]},"up":{"uv":[17,88],"uv_size":[2,2]},"down":{"uv":[16,90],"uv_size":[2,-2]}}}]},{"name":"finger5","parent":"hand2","pivot":[12.49863,44.79098,-20.23485],"rotation":[-20,0,-20],"cubes":[{"origin":[11.99863,40.79098,-20.73485],"size":[1,4,1],"inflate":0.59,"uv":{"north":{"uv":[18,87],"uv_size":[2,6]},"east":{"uv":[21,87],"uv_size":[2,6]},"south":{"uv":[36,67],"uv_size":[2,6]},"west":{"uv":[20,87],"uv_size":[2,6]},"up":{"uv":[19,87],"uv_size":[2,2]},"down":{"uv":[57,87],"uv_size":[-2,-2]}}}]},{"name":"foreFinger5","parent":"finger5","pivot":[12.49863,39.29098,-20.23485],"rotation":[35,0,0],"cubes":[{"origin":[11.99863,34.29098,-20.73485],"size":[1,5,1],"inflate":0.59,"uv":{"north":{"uv":[114,65],"uv_size":[2,6]},"east":{"uv":[19,86],"uv_size":[2,6]},"south":{"uv":[19,87],"uv_size":[2,6]},"west":{"uv":[39,65],"uv_size":[2,6]},"up":{"uv":[19,89],"uv_size":[2,2]},"down":{"uv":[17,90],"uv_size":[2,-2]}}}]},{"name":"finger6","parent":"hand2","pivot":[12.49863,45.79098,-20.23485],"rotation":[-20,0,2.5],"cubes":[{"origin":[11.99863,39.79098,-20.73485],"size":[1,6,1],"inflate":0.59,"uv":{"north":{"uv":[36,67],"uv_size":[2,6]},"east":{"uv":[45,67],"uv_size":[2,6]},"south":{"uv":[19,87],"uv_size":[2,6]},"west":{"uv":[10,63],"uv_size":[2,6]},"up":{"uv":[18,89],"uv_size":[-2,-2]},"down":{"uv":[17,91],"uv_size":[2,-2]}}}]},{"name":"foreFinger6","parent":"finger6","pivot":[12.49863,39.29098,-20.23485],"rotation":[35,0,0],"cubes":[{"origin":[11.99863,33.29098,-20.73485],"size":[1,6,1],"inflate":0.59,"uv":{"north":{"uv":[19,87],"uv_size":[2,6]},"east":{"uv":[18,87],"uv_size":[2,6]},"south":{"uv":[18,69],"uv_size":[2,6]},"west":{"uv":[112,72],"uv_size":[2,6]},"up":{"uv":[19,90],"uv_size":[-2,-2]},"down":{"uv":[19,91],"uv_size":[-2,-2]}}}]},{"name":"thumb2","parent":"hand2","pivot":[12.49863,43.79098,-19.73485],"rotation":[-20,0,50],"cubes":[{"origin":[11.99863,37.79098,-21.73485],"size":[1,4.5,1],"inflate":0.59,"uv":{"north":{"uv":[39,66],"uv_size":[2,6]},"east":{"uv":[12,65],"uv_size":[2,6]},"south":{"uv":[76,77],"uv_size":[2,6]},"west":{"uv":[17,87],"uv_size":[2,6]},"up":{"uv":[44,66],"uv_size":[2,2]},"down":{"uv":[18,89],"uv_size":[2,-2]}}}]},{"name":"bone3","parent":"thumb2","pivot":[12.49863,36.79098,-21.73485],"rotation":[35,0,0],"cubes":[{"origin":[11.99863,32.79098,-21.73485],"size":[1,4,1],"inflate":0.59,"uv":{"north":{"uv":[57,78],"uv_size":[2,6]},"east":{"uv":[104,67],"uv_size":[2,6]},"south":{"uv":[18,87],"uv_size":[2,6]},"west":{"uv":[40,67],"uv_size":[2,6]},"up":{"uv":[60,78],"uv_size":[2,2]},"down":{"uv":[11,68],"uv_size":[2,-2]}}}]},{"name":"l1_block","parent":"hand2","pivot":[13.09962,44.90435,-20.59916]},{"name":"leftArm2","parent":"body","pivot":[2,64.5,10],"rotation":[20,-15,-15],"cubes":[{"origin":[25.01789,60.16328,-20.73769],"size":[3,22,3],"inflate":0.5,"pivot":[23.51789,17.16328,-29.98769],"rotation":[-30,-20,-10],"uv":{"north":{"uv":[3,98],"uv_size":[3,24]},"east":{"uv":[0,98],"uv_size":[3,24]},"south":{"uv":[9,98],"uv_size":[3,24]},"west":{"uv":[6,98],"uv_size":[3,24]},"up":{"uv":[3,95],"uv_size":[3,3]},"down":{"uv":[5,98],"uv_size":[3,-3]}}}]},{"name":"foreleg5","parent":"leftArm2","pivot":[11,47.5,1],"rotation":[0,2.5,0],"cubes":[{"origin":[13.99299,59.06211,-49.71326],"size":[3,22,3],"inflate":0.5,"pivot":[5.59398,33.67548,-46.07757],"rotation":[-75,-9.2473,7.4635],"uv":{"north":{"uv":[3,98],"uv_size":[3,24]},"east":{"uv":[0,98],"uv_size":[3,24]},"south":{"uv":[9,98],"uv_size":[3,24]},"west":{"uv":[6,98],"uv_size":[3,24]},"up":{"uv":[3,95],"uv_size":[3,3]},"down":{"uv":[5,98],"uv_size":[3,-3]}}}]},{"name":"hand3","parent":"foreleg5","pivot":[12.70666,41.21781,-21.14721],"rotation":[-75,-9.2473,7.4635]},{"name":"finger7","parent":"hand3","pivot":[12.10567,42.10444,-20.7829],"rotation":[-25,0,25],"cubes":[{"origin":[11.60567,36.10444,-21.2829],"size":[1,6,1],"inflate":0.59,"uv":{"north":{"uv":[19,87],"uv_size":[2,6]},"east":{"uv":[20,88],"uv_size":[2,6]},"south":{"uv":[19,86],"uv_size":[2,6]},"west":{"uv":[21,86],"uv_size":[2,6]},"up":{"uv":[15,87],"uv_size":[2,2]},"down":{"uv":[20,88],"uv_size":[2,-2]}}}]},{"name":"foreFinger7","parent":"finger7","pivot":[12.10567,35.60444,-20.7829],"rotation":[35,0,0],"cubes":[{"origin":[11.60567,29.60444,-21.2829],"size":[1,6,1],"inflate":0.59,"uv":{"north":{"uv":[17,87],"uv_size":[2,6]},"east":{"uv":[66,78],"uv_size":[2,6]},"south":{"uv":[21,88],"uv_size":[2,6]},"west":{"uv":[17,99],"uv_size":[2,6]},"up":{"uv":[11,92],"uv_size":[-2,2]},"down":{"uv":[19,90],"uv_size":[2,-2]}}}]},{"name":"finger8","parent":"hand3","pivot":[12.10567,42.10444,-20.7829],"rotation":[-20,0,-20],"cubes":[{"origin":[11.60567,38.10444,-21.2829],"size":[1,4,1],"inflate":0.59,"uv":{"north":{"uv":[16,87],"uv_size":[2,6]},"east":{"uv":[21,86],"uv_size":[2,6]},"south":{"uv":[41,67],"uv_size":[2,6]},"west":{"uv":[12,64],"uv_size":[2,6]},"up":{"uv":[18,90],"uv_size":[2,2]},"down":{"uv":[4,95],"uv_size":[2,-2]}}}]},{"name":"foreFinger8","parent":"finger8","pivot":[12.10567,36.60444,-20.7829],"rotation":[35,0,0],"cubes":[{"origin":[11.60567,31.60444,-21.2829],"size":[1,5,1],"inflate":0.59,"uv":{"north":{"uv":[17,87],"uv_size":[2,6]},"east":{"uv":[20,86],"uv_size":[2,6]},"south":{"uv":[16,87],"uv_size":[2,6]},"west":{"uv":[44,65],"uv_size":[2,6]},"up":{"uv":[21,89],"uv_size":[2,2]},"down":{"uv":[12,70],"uv_size":[2,-2]}}}]},{"name":"finger9","parent":"hand3","pivot":[12.10567,43.10444,-20.7829],"rotation":[-20,0,2.5],"cubes":[{"origin":[11.60567,37.10444,-21.2829],"size":[1,6,1],"inflate":0.59,"uv":{"north":{"uv":[20,87],"uv_size":[2,6]},"east":{"uv":[0,98],"uv_size":[2,6]},"south":{"uv":[9,98],"uv_size":[2,6]},"west":{"uv":[6,98],"uv_size":[2,6]},"up":{"uv":[19,89],"uv_size":[2,2]},"down":{"uv":[21,71],"uv_size":[2,-2]}}}]},{"name":"foreFinger9","parent":"finger9","pivot":[12.10567,36.60444,-20.7829],"rotation":[35,0,0],"cubes":[{"origin":[11.60567,30.60444,-21.2829],"size":[1,6,1],"inflate":0.59,"uv":{"north":{"uv":[49,67],"uv_size":[2,6]},"east":{"uv":[17,86],"uv_size":[2,6]},"south":{"uv":[17,87],"uv_size":[-2,6]},"west":{"uv":[33,68],"uv_size":[2,6]},"up":{"uv":[18,89],"uv_size":[2,2]},"down":{"uv":[15,88],"uv_size":[2,-2]}}}]},{"name":"thumb3","parent":"hand3","pivot":[12.10567,41.10444,-20.2829],"rotation":[-20,0,50],"cubes":[{"origin":[11.60567,35.10444,-22.2829],"size":[1,4.5,1],"inflate":0.59,"uv":{"north":{"uv":[17,87],"uv_size":[2,6]},"east":{"uv":[58,77],"uv_size":[2,6]},"south":{"uv":[21,88],"uv_size":[2,6]},"west":{"uv":[52,66],"uv_size":[2,6]},"up":{"uv":[18,91],"uv_size":[2,2]},"down":{"uv":[18,93],"uv_size":[2,-2]}}}]},{"name":"bone4","parent":"thumb3","pivot":[12.10567,34.10444,-22.2829],"rotation":[35,0,0],"cubes":[{"origin":[11.60567,30.10444,-22.2829],"size":[1,4,1],"inflate":0.59,"uv":{"north":{"uv":[54,80],"uv_size":[2,6]},"east":{"uv":[19,86],"uv_size":[2,6]},"south":{"uv":[23,88],"uv_size":[-2,6]},"west":{"uv":[40,67],"uv_size":[2,6]},"up":{"uv":[20,88],"uv_size":[2,2]},"down":{"uv":[17,93],"uv_size":[2,-2]}}}]},{"name":"l2_block","parent":"hand3","pivot":[12.70666,41.21781,-21.14721]},{"name":"rightArm2","parent":"body","pivot":[-8,64.5,10],"rotation":[20,15,7.5],"cubes":[{"origin":[-34.46539,59.18422,-22.78981],"size":[3,22,3],"inflate":0.5,"pivot":[-23.96539,16.18422,-32.03981],"rotation":[-30,20,10],"uv":{"north":{"uv":[3,98],"uv_size":[3,24]},"east":{"uv":[0,98],"uv_size":[3,24]},"south":{"uv":[9,98],"uv_size":[3,24]},"west":{"uv":[6,98],"uv_size":[3,24]},"up":{"uv":[3,95],"uv_size":[3,3]},"down":{"uv":[6,98],"uv_size":[3,-3]}}}]},{"name":"foreleg6","parent":"rightArm2","pivot":[-16,46.5,1],"cubes":[{"origin":[-23.29123,58.73182,-50.47117],"size":[3,22,3],"inflate":0.5,"pivot":[-5.64801,34.00518,-46.70765],"rotation":[-75,9.2473,-7.4635],"uv":{"north":{"uv":[3,98],"uv_size":[3,24]},"east":{"uv":[0,98],"uv_size":[3,24]},"south":{"uv":[9,98],"uv_size":[3,24]},"west":{"uv":[6,98],"uv_size":[3,24]},"up":{"uv":[3,95],"uv_size":[3,3]},"down":{"uv":[6,98],"uv_size":[3,-3]}}}]},{"name":"hand4","parent":"foreleg6","pivot":[-19,41,-20]},{"name":"finger10","parent":"hand4","pivot":[-19.19533,40.53333,-20.43326],"rotation":[-99.6714,-14.9083,-13.9628],"cubes":[{"origin":[-19.69533,34.53333,-20.93326],"size":[1,6,1],"inflate":0.59,"uv":{"north":{"uv":[33,68],"uv_size":[2,6]},"east":{"uv":[43,66],"uv_size":[2,6]},"south":{"uv":[19,86],"uv_size":[2,6]},"west":{"uv":[45,67],"uv_size":[2,6]},"up":{"uv":[57,80],"uv_size":[2,2]},"down":{"uv":[57,81],"uv_size":[2,-2]}}}]},{"name":"foreFinger10","parent":"finger10","pivot":[-19.19533,34.03333,-20.43326],"rotation":[35,0,0],"cubes":[{"origin":[-19.69533,28.03333,-20.93326],"size":[1,6,1],"inflate":0.59,"uv":{"north":{"uv":[45,66],"uv_size":[2,6]},"east":{"uv":[46,69],"uv_size":[2,6]},"south":{"uv":[40,66],"uv_size":[2,6]},"west":{"uv":[52,66],"uv_size":[2,6]},"up":{"uv":[47,69],"uv_size":[2,2]},"down":{"uv":[21,91],"uv_size":[-2,-2]}}}]},{"name":"finger11","parent":"hand4","pivot":[-19.19533,40.53333,-20.43326],"rotation":[-93.1021,28.4947,-1.6827],"cubes":[{"origin":[-19.69533,36.53333,-20.93326],"size":[1,4,1],"inflate":0.59,"uv":{"north":{"uv":[39,68],"uv_size":[2,6]},"east":{"uv":[62,80],"uv_size":[2,6]},"south":{"uv":[18,86],"uv_size":[2,6]},"west":{"uv":[62,81],"uv_size":[2,6]},"up":{"uv":[61,83],"uv_size":[2,2]},"down":{"uv":[19,90],"uv_size":[-2,-2]}}}]},{"name":"foreFinger11","parent":"finger11","pivot":[-19.19533,35.03333,-20.43326],"rotation":[35,0,0],"cubes":[{"origin":[-19.69533,30.03333,-20.93326],"size":[1,5,1],"inflate":0.59,"uv":{"north":{"uv":[0,116],"uv_size":[2,6]},"east":{"uv":[0,116],"uv_size":[2,6]},"south":{"uv":[9,116],"uv_size":[2,6]},"west":{"uv":[6,116],"uv_size":[2,6]},"up":{"uv":[0,120],"uv_size":[2,2]},"down":{"uv":[5,98],"uv_size":[2,-2]}}}]},{"name":"finger12","parent":"hand4","pivot":[-19.07505,40.81012,-19.47989],"rotation":[-95.0911,6.8319,-8.115],"cubes":[{"origin":[-19.57505,34.81012,-19.97989],"size":[1,6,1],"inflate":0.59,"uv":{"north":{"uv":[100,67],"uv_size":[2,6]},"east":{"uv":[39,66],"uv_size":[2,6]},"south":{"uv":[19,87],"uv_size":[2,6]},"west":{"uv":[20,87],"uv_size":[2,6]},"up":{"uv":[7,93],"uv_size":[-2,2]},"down":{"uv":[18,90],"uv_size":[2,-2]}}}]},{"name":"foreFinger12","parent":"finger12","pivot":[-19.07505,34.31012,-19.47989],"rotation":[35,0,0],"cubes":[{"origin":[-19.57505,28.31012,-19.97989],"size":[1,6,1],"inflate":0.59,"uv":{"north":{"uv":[3,98],"uv_size":[2,6]},"east":{"uv":[5,105],"uv_size":[2,6]},"south":{"uv":[8,108],"uv_size":[2,6]},"west":{"uv":[8,103],"uv_size":[2,6]},"up":{"uv":[6,100],"uv_size":[-2,-2]},"down":{"uv":[9,97],"uv_size":[-2,-2]}}}]},{"name":"thumb4","parent":"hand4","pivot":[-19.23227,39.78037,-21.2589],"rotation":[-90.8568,-38.8315,-22.2085],"cubes":[{"origin":[-19.73227,33.78037,-23.2589],"size":[1,4.5,1],"inflate":0.59,"uv":{"north":{"uv":[53,79],"uv_size":[2,6]},"east":{"uv":[65,79],"uv_size":[2,6]},"south":{"uv":[40,67],"uv_size":[2,6]},"west":{"uv":[12,64],"uv_size":[2,6]},"up":{"uv":[59,80],"uv_size":[2,2]},"down":{"uv":[8,108],"uv_size":[-2,-2]}}}]},{"name":"bone5","parent":"thumb4","pivot":[-19.23227,32.78037,-23.2589],"rotation":[35,0,0],"cubes":[{"origin":[-19.73227,28.78037,-23.2589],"size":[1,4,1],"inflate":0.59,"uv":{"north":{"uv":[40,67],"uv_size":[2,5]},"east":{"uv":[62,80],"uv_size":[2,5]},"south":{"uv":[19,86],"uv_size":[2,5]},"west":{"uv":[70,79],"uv_size":[2,5]},"up":{"uv":[61,83],"uv_size":[2,2]},"down":{"uv":[72,83],"uv_size":[-2,-2]}}}]},{"name":"r2_block","parent":"hand4","pivot":[-19,41,-20]},{"name":"leg","parent":"abdomen","pivot":[-3,37.5,6],"rotation":[-10,0,0]},{"name":"rightleg","parent":"leg","pivot":[-5,45.5,7],"cubes":[{"origin":[-16.27056,20.98204,5.25],"size":[3,24,3],"inflate":0.5,"pivot":[-8.27056,-0.51796,0],"rotation":[0,0,12.5],"uv":{"north":{"uv":[3,98],"uv_size":[3,24]},"east":{"uv":[0,98],"uv_size":[3,24]},"south":{"uv":[9,98],"uv_size":[3,24]},"west":{"uv":[6,98],"uv_size":[3,24]},"up":{"uv":[3,95],"uv_size":[3,3]},"down":{"uv":[5,98],"uv_size":[3,-3]}}}]},{"name":"foreleg1","parent":"rightleg","pivot":[-9.74659,22.85556,6.75],"rotation":[25,0,12.5],"cubes":[{"origin":[-11.24659,-1.14444,5.25],"size":[3,24,3],"inflate":0.5,"uv":{"north":{"uv":[3,98],"uv_size":[3,24]},"east":{"uv":[0,98],"uv_size":[3,24]},"south":{"uv":[9,98],"uv_size":[3,24]},"west":{"uv":[6,98],"uv_size":[3,24]},"up":{"uv":[3,95],"uv_size":[3,3]},"down":{"uv":[5,98],"uv_size":[3,-3]}}}]},{"name":"leftleg","parent":"leg","pivot":[-1,45.5,7],"cubes":[{"origin":[11.34589,22.78456,5.25],"size":[3,24,3],"inflate":0.5,"pivot":[11.34589,1.28456,0],"rotation":[0,0,-17.5],"uv":{"north":{"uv":[3,98],"uv_size":[3,24]},"east":{"uv":[0,98],"uv_size":[3,24]},"south":{"uv":[9,98],"uv_size":[3,24]},"west":{"uv":[6,98],"uv_size":[3,24]},"up":{"uv":[3,95],"uv_size":[3,3]},"down":{"uv":[5,98],"uv_size":[3,-3]}}}]},{"name":"foreleg2","parent":"leftleg","pivot":[6.01059,23.19425,6.75],"rotation":[25,0,-17.5],"cubes":[{"origin":[4.51059,-0.80575,5.25],"size":[3,24,3],"inflate":0.5,"uv":{"north":{"uv":[3,98],"uv_size":[3,24]},"east":{"uv":[0,98],"uv_size":[3,24]},"south":{"uv":[9,98],"uv_size":[3,24]},"west":{"uv":[6,98],"uv_size":[3,24]},"up":{"uv":[3,95],"uv_size":[3,3]},"down":{"uv":[5,98],"uv_size":[3,-3]}}}]},{"name":"pelvis2","pivot":[-3,37.5,8],"rotation":[-15,0,0]},{"name":"abdomen2","parent":"pelvis2","pivot":[-3,37.5,8],"locators":{"locator2":[-3,48,7]}},{"name":"chest2","parent":"abdomen2","pivot":[-3,45.5,8],"rotation":[25,0,0],"cubes":[{"origin":[-7,43.5,6],"size":[8,10,4],"uv":{"north":{"uv":[36,4],"uv_size":[8,10]},"east":{"uv":[32,4],"uv_size":[4,10]},"south":{"uv":[48,4],"uv_size":[8,10]},"west":{"uv":[44,4],"uv_size":[4,10]},"up":{"uv":[38,0],"uv_size":[8,4]},"down":{"uv":[44,4],"uv_size":[8,-4]}}}]},{"name":"body2","parent":"chest2","pivot":[-3,45.5,10],"rotation":[25,0,0],"cubes":[{"origin":[-8,51.5,7],"size":[10,16,6],"uv":{"north":{"uv":[56,14],"uv_size":[10,16]},"east":{"uv":[50,14],"uv_size":[6,16]},"south":{"uv":[72,14],"uv_size":[10,16]},"west":{"uv":[66,14],"uv_size":[6,16]},"up":{"uv":[56,8],"uv_size":[10,6]},"down":{"uv":[66,14],"uv_size":[10,-6]}}}]},{"name":"neck2","parent":"body2","pivot":[-3,66.5,10],"rotation":[10,0,0],"cubes":[{"origin":[-4.5,66.5,8.5],"size":[3,4,3],"uv":{"north":{"uv":[35,17],"uv_size":[3,4]},"east":{"uv":[32,17],"uv_size":[3,4]},"south":{"uv":[41,17],"uv_size":[3,4]},"west":{"uv":[38,17],"uv_size":[3,4]},"up":{"uv":[35,14],"uv_size":[3,3]},"down":{"uv":[38,17],"uv_size":[3,-3]}}}]},{"name":"head2","parent":"neck2","pivot":[-3,69,10],"cubes":[{"origin":[-7,72.5,5],"size":[8,6,8],"inflate":0.5,"uv":{"north":{"uv":[8,8],"uv_size":[8,6]},"east":{"uv":[16,8],"uv_size":[8,6]},"south":{"uv":[8,1],"uv_size":[8,6]},"west":{"uv":[16,8],"uv_size":[8,6]},"up":{"uv":[8,0],"uv_size":[8,8]},"down":{"uv":[8,8],"uv_size":[8,-8]}}},{"origin":[-7,72.5,5],"size":[8,2,8],"inflate":0.5,"uv":{"north":{"uv":[16,8],"uv_size":[8,2]},"east":{"uv":[15,31],"uv_size":[8,2]},"south":{"uv":[15,8],"uv_size":[8,2]},"west":{"uv":[8,31],"uv_size":[8,2]},"up":{"uv":[16,0],"uv_size":[8,8]},"down":{"uv":[16,32],"uv_size":[8,-8]}}}]},{"name":"mouth2","parent":"head2","pivot":[-3,66.5,13],"cubes":[{"origin":[-7,72.5,5],"size":[8,2,8],"uv":{"north":{"uv":[13,32],"uv_size":[8,2]},"east":{"uv":[0,32],"uv_size":[8,2]},"south":{"uv":[24,32],"uv_size":[8,2]},"west":{"uv":[16,32],"uv_size":[8,2]},"up":{"uv":[8,24],"uv_size":[8,8]},"down":{"uv":[16,32],"uv_size":[8,-8]}}}]},{"name":"rightArm3","parent":"body2","pivot":[-8,64.5,10],"rotation":[0,20,10],"cubes":[{"origin":[-34.46539,59.18422,-22.78981],"size":[3,22,3],"inflate":0.5,"pivot":[-23.96539,16.18422,-32.03981],"rotation":[-30,20,10],"uv":{"north":{"uv":[3,37],"uv_size":[3,24]},"east":{"uv":[0,37],"uv_size":[3,24]},"south":{"uv":[9,37],"uv_size":[3,24]},"west":{"uv":[6,37],"uv_size":[3,24]},"up":{"uv":[3,34],"uv_size":[3,3]},"down":{"uv":[6,40],"uv_size":[3,-3]}}}]},{"name":"foreleg7","parent":"rightArm3","pivot":[-16,47.5,0],"rotation":[2.5,0,0],"cubes":[{"origin":[-27.95699,86.03473,-56.4637],"size":[3,22,3],"inflate":0.5,"pivot":[-10.31377,43.30809,-67.70018],"rotation":[-75,9.2473,-7.4635],"uv":{"north":{"uv":[15,37],"uv_size":[3,24]},"east":{"uv":[12,37],"uv_size":[3,24]},"south":{"uv":[21,37],"uv_size":[3,24]},"west":{"uv":[18,37],"uv_size":[3,24]},"up":{"uv":[10,41],"uv_size":[3,3]},"down":{"uv":[16,46],"uv_size":[3,-3]}}}]},{"name":"hand5","parent":"foreleg7","pivot":[-18.51225,41.05506,-19.85973],"rotation":[-75,9.2473,-7.4635]},{"name":"finger13","parent":"hand5","pivot":[-19.15547,40.2817,-19.62325],"rotation":[-25,0,-25],"cubes":[{"origin":[-19.65547,34.2817,-20.12325],"size":[1,6,1],"inflate":0.59,"uv":{"north":{"uv":[61,37],"uv_size":[1,24]},"east":{"uv":[63,37],"uv_size":[1,24]},"south":{"uv":[63,37],"uv_size":[1,24]},"west":{"uv":[57,34],"uv_size":[1,12]},"up":{"uv":[70,34],"uv_size":[1,3]},"down":{"uv":[75,40],"uv_size":[1,-3]}}}]},{"name":"foreFinger13","parent":"finger13","pivot":[-19.15547,33.7817,-19.62325],"rotation":[35,0,0],"cubes":[{"origin":[-19.65547,27.7817,-20.12325],"size":[1,6,1],"inflate":0.59,"uv":{"north":{"uv":[55,13],"uv_size":[1,12]},"east":{"uv":[5,37],"uv_size":[1,24]},"south":{"uv":[9,37],"uv_size":[1,24]},"west":{"uv":[4,53],"uv_size":[1,6]},"up":{"uv":[11,44],"uv_size":[1,3]},"down":{"uv":[60,19],"uv_size":[1,-3]}}}]},{"name":"finger14","parent":"hand5","pivot":[-19.15547,40.2817,-19.62325],"rotation":[-20,0,20],"cubes":[{"origin":[-19.65547,36.2817,-20.12325],"size":[1,4,1],"inflate":0.59,"uv":{"north":{"uv":[10,37],"uv_size":[1,24]},"east":{"uv":[8,37],"uv_size":[1,24]},"south":{"uv":[13,37],"uv_size":[1,24]},"west":{"uv":[6,44],"uv_size":[1,10]},"up":{"uv":[7,34],"uv_size":[1,3]},"down":{"uv":[5,40],"uv_size":[1,-3]}}}]},{"name":"foreFinger14","parent":"finger14","pivot":[-19.15547,34.7817,-19.62325],"rotation":[35,0,0],"cubes":[{"origin":[-19.65547,29.7817,-20.12325],"size":[1,5,1],"inflate":0.59,"uv":{"north":{"uv":[19,37],"uv_size":[1,24]},"east":{"uv":[11,37],"uv_size":[1,24]},"south":{"uv":[9,37],"uv_size":[1,24]},"west":{"uv":[8,2],"uv_size":[1,10]},"up":{"uv":[16,34],"uv_size":[1,3]},"down":{"uv":[8,40],"uv_size":[1,-3]}}}]},{"name":"finger15","parent":"hand5","pivot":[-19.15547,41.2817,-19.62325],"rotation":[-20,0,-2.5],"cubes":[{"origin":[-19.65547,35.2817,-20.12325],"size":[1,6,1],"inflate":0.59,"uv":{"north":{"uv":[9,37],"uv_size":[1,24]},"east":{"uv":[8,37],"uv_size":[1,24]},"south":{"uv":[11,37],"uv_size":[1,24]},"west":{"uv":[10,2],"uv_size":[1,12]},"up":{"uv":[9,35],"uv_size":[1,2]},"down":{"uv":[10,40],"uv_size":[1,-3]}}}]},{"name":"foreFinger15","parent":"finger15","pivot":[-19.15547,34.7817,-19.62325],"rotation":[35,0,0],"cubes":[{"origin":[-19.65547,28.7817,-20.12325],"size":[1,6,1],"inflate":0.59,"uv":{"north":{"uv":[12,37],"uv_size":[1,24]},"east":{"uv":[11,37],"uv_size":[1,24]},"south":{"uv":[14,37],"uv_size":[1,24]},"west":{"uv":[13,2],"uv_size":[1,12]},"up":{"uv":[12,35],"uv_size":[1,2]},"down":{"uv":[13,40],"uv_size":[1,-3]}}}]},{"name":"thumb5","parent":"hand5","pivot":[-19.15547,39.2817,-19.12325],"rotation":[-20,0,-50],"cubes":[{"origin":[-19.65547,33.2817,-21.12325],"size":[1,4.5,1],"inflate":0.59,"uv":{"north":{"uv":[15,37],"uv_size":[1,24]},"east":{"uv":[14,37],"uv_size":[1,24]},"south":{"uv":[17,37],"uv_size":[1,24]},"west":{"uv":[16,2],"uv_size":[1,10]},"up":{"uv":[15,35],"uv_size":[1,2]},"down":{"uv":[16,40],"uv_size":[1,-3]}}}]},{"name":"bone6","parent":"thumb5","pivot":[-19.15547,32.2817,-21.12325],"rotation":[35,0,0],"cubes":[{"origin":[-19.65547,28.2817,-21.12325],"size":[1,4,1],"inflate":0.59,"uv":{"north":{"uv":[15,37],"uv_size":[1,24]},"east":{"uv":[14,37],"uv_size":[1,24]},"south":{"uv":[17,37],"uv_size":[1,24]},"west":{"uv":[16,2],"uv_size":[1,10]},"up":{"uv":[15,35],"uv_size":[1,2]},"down":{"uv":[16,40],"uv_size":[1,-3]}}}]},{"name":"leftArm3","parent":"body2","pivot":[2,64.5,10],"rotation":[0,-20,-10],"cubes":[{"origin":[25.01789,60.16328,-20.73769],"size":[3,22,3],"inflate":0.5,"pivot":[23.51789,17.16328,-29.98769],"rotation":[-30,-20,-10],"uv":{"north":{"uv":[3,37],"uv_size":[3,24]},"east":{"uv":[0,37],"uv_size":[3,24]},"south":{"uv":[9,37],"uv_size":[3,24]},"west":{"uv":[6,37],"uv_size":[3,24]},"up":{"uv":[3,34],"uv_size":[3,3]},"down":{"uv":[6,37],"uv_size":[3,-3]}}}]},{"name":"foreleg8","parent":"leftArm3","pivot":[10,47.5,1],"rotation":[0,-10,0],"cubes":[{"origin":[18.65875,86.36501,-55.7058],"size":[3,22,3],"inflate":0.5,"pivot":[10.25974,42.97838,-67.07011],"rotation":[-75,-9.2473,7.4635],"uv":{"north":{"uv":[15,37],"uv_size":[3,24]},"east":{"uv":[12,37],"uv_size":[3,24]},"south":{"uv":[21,37],"uv_size":[3,24]},"west":{"uv":[18,37],"uv_size":[3,24]},"up":{"uv":[15,34],"uv_size":[3,3]},"down":{"uv":[18,37],"uv_size":[3,-3]}}}]},{"name":"hand6","parent":"foreleg8","pivot":[12.58637,41.4946,-20.19383],"rotation":[-75,-9.2473,7.4635]},{"name":"finger16","parent":"hand6","pivot":[11.98538,41.38123,-19.82952],"rotation":[-25,0,25],"cubes":[{"origin":[11.48538,35.38123,-20.32952],"size":[1,6,1],"inflate":0.59,"uv":{"north":{"uv":[61,37],"uv_size":[1,24]},"east":{"uv":[63,37],"uv_size":[1,24]},"south":{"uv":[63,37],"uv_size":[1,24]},"west":{"uv":[57,37],"uv_size":[1,24]},"up":{"uv":[70,34],"uv_size":[1,3]},"down":{"uv":[75,37],"uv_size":[1,-3]}}}]},{"name":"foreFinger16","parent":"finger16","pivot":[11.98538,34.88123,-19.82952],"rotation":[35,0,0],"cubes":[{"origin":[11.48538,28.88123,-20.32952],"size":[1,6,1],"inflate":0.59,"uv":{"north":{"uv":[56,37],"uv_size":[1,24]},"east":{"uv":[5,37],"uv_size":[1,24]},"south":{"uv":[9,37],"uv_size":[1,24]},"west":{"uv":[4,37],"uv_size":[1,24]},"up":{"uv":[11,34],"uv_size":[1,3]},"down":{"uv":[65,37],"uv_size":[1,-3]}}}]},{"name":"finger17","parent":"hand6","pivot":[11.98538,41.38123,-19.82952],"rotation":[-20,0,-20],"cubes":[{"origin":[11.48538,37.38123,-20.32952],"size":[1,4,1],"inflate":0.59,"uv":{"north":{"uv":[10,37],"uv_size":[1,24]},"east":{"uv":[8,37],"uv_size":[1,24]},"south":{"uv":[13,37],"uv_size":[1,24]},"west":{"uv":[4,37],"uv_size":[1,24]},"up":{"uv":[7,34],"uv_size":[1,3]},"down":{"uv":[5,37],"uv_size":[1,-3]}}}]},{"name":"foreFinger17","parent":"finger17","pivot":[11.98538,35.88123,-19.82952],"rotation":[35,0,0],"cubes":[{"origin":[11.48538,30.88123,-20.32952],"size":[1,5,1],"inflate":0.59,"uv":{"north":{"uv":[19,37],"uv_size":[1,24]},"east":{"uv":[11,37],"uv_size":[1,24]},"south":{"uv":[9,37],"uv_size":[1,24]},"west":{"uv":[8,37],"uv_size":[1,24]},"up":{"uv":[16,34],"uv_size":[1,3]},"down":{"uv":[8,37],"uv_size":[1,-3]}}}]},{"name":"finger18","parent":"hand6","pivot":[11.98538,42.38123,-19.82952],"rotation":[-20,0,2.5],"cubes":[{"origin":[11.48538,36.38123,-20.32952],"size":[1,6,1],"inflate":0.59,"uv":{"north":{"uv":[9,37],"uv_size":[1,24]},"east":{"uv":[8,37],"uv_size":[1,24]},"south":{"uv":[11,37],"uv_size":[1,24]},"west":{"uv":[10,37],"uv_size":[1,24]},"up":{"uv":[9,34],"uv_size":[1,3]},"down":{"uv":[10,37],"uv_size":[1,-3]}}}]},{"name":"foreFinger18","parent":"finger18","pivot":[11.98538,35.88123,-19.82952],"rotation":[35,0,0],"cubes":[{"origin":[11.48538,29.88123,-20.32952],"size":[1,6,1],"inflate":0.59,"uv":{"north":{"uv":[12,37],"uv_size":[1,24]},"east":{"uv":[11,37],"uv_size":[1,24]},"south":{"uv":[14,37],"uv_size":[1,24]},"west":{"uv":[13,37],"uv_size":[1,24]},"up":{"uv":[12,34],"uv_size":[1,3]},"down":{"uv":[13,37],"uv_size":[1,-3]}}}]},{"name":"thumb6","parent":"hand6","pivot":[11.98538,40.38123,-19.32952],"rotation":[-20,0,50],"cubes":[{"origin":[11.48538,34.38123,-21.32952],"size":[1,4.5,1],"inflate":0.59,"uv":{"north":{"uv":[15,37],"uv_size":[1,24]},"east":{"uv":[14,37],"uv_size":[1,24]},"south":{"uv":[17,37],"uv_size":[1,24]},"west":{"uv":[16,37],"uv_size":[1,24]},"up":{"uv":[15,34],"uv_size":[1,3]},"down":{"uv":[16,37],"uv_size":[1,-3]}}}]},{"name":"bone7","parent":"thumb6","pivot":[11.98538,33.38123,-21.32952],"rotation":[35,0,0],"cubes":[{"origin":[11.48538,29.38123,-21.32952],"size":[1,4,1],"inflate":0.59,"uv":{"north":{"uv":[15,37],"uv_size":[1,24]},"east":{"uv":[14,37],"uv_size":[1,24]},"south":{"uv":[17,37],"uv_size":[1,24]},"west":{"uv":[16,37],"uv_size":[1,24]},"up":{"uv":[15,34],"uv_size":[1,3]},"down":{"uv":[16,37],"uv_size":[1,-3]}}}]},{"name":"leftArm4","parent":"body2","pivot":[2,64.5,10],"rotation":[20,-50,-15],"cubes":[{"origin":[25.01789,60.16328,-20.73769],"size":[3,22,3],"inflate":0.5,"pivot":[23.51789,17.16328,-29.98769],"rotation":[-30,-20,-10],"uv":{"north":{"uv":[3,37],"uv_size":[3,24]},"east":{"uv":[0,37],"uv_size":[3,24]},"south":{"uv":[9,37],"uv_size":[3,24]},"west":{"uv":[6,37],"uv_size":[3,24]},"up":{"uv":[3,34],"uv_size":[3,3]},"down":{"uv":[6,37],"uv_size":[3,-3]}}}]},{"name":"foreleg9","parent":"leftArm4","pivot":[10,47.5,1],"cubes":[{"origin":[18.65875,86.36501,-55.7058],"size":[3,22,3],"inflate":0.5,"pivot":[10.25974,42.97838,-67.07011],"rotation":[-75,-9.2473,7.4635],"uv":{"north":{"uv":[15,37],"uv_size":[3,24]},"east":{"uv":[12,37],"uv_size":[3,24]},"south":{"uv":[21,37],"uv_size":[3,24]},"west":{"uv":[18,37],"uv_size":[3,24]},"up":{"uv":[15,34],"uv_size":[3,3]},"down":{"uv":[18,37],"uv_size":[3,-3]}}}]},{"name":"hand7","parent":"foreleg9","pivot":[12.58637,41.4946,-20.19383],"rotation":[-75,-9.2473,7.4635]},{"name":"finger19","parent":"hand7","pivot":[11.98538,41.38123,-19.82952],"rotation":[-25,0,25],"cubes":[{"origin":[11.48538,35.38123,-20.32952],"size":[1,6,1],"inflate":0.59,"uv":{"north":{"uv":[61,37],"uv_size":[1,24]},"east":{"uv":[63,37],"uv_size":[1,24]},"south":{"uv":[63,37],"uv_size":[1,24]},"west":{"uv":[57,37],"uv_size":[1,24]},"up":{"uv":[70,34],"uv_size":[1,3]},"down":{"uv":[75,37],"uv_size":[1,-3]}}}]},{"name":"foreFinger19","parent":"finger19","pivot":[11.98538,34.88123,-19.82952],"rotation":[35,0,0],"cubes":[{"origin":[11.48538,28.88123,-20.32952],"size":[1,6,1],"inflate":0.59,"uv":{"north":{"uv":[56,37],"uv_size":[1,24]},"east":{"uv":[5,37],"uv_size":[1,24]},"south":{"uv":[9,37],"uv_size":[1,24]},"west":{"uv":[4,37],"uv_size":[1,24]},"up":{"uv":[11,34],"uv_size":[1,3]},"down":{"uv":[65,37],"uv_size":[1,-3]}}}]},{"name":"finger20","parent":"hand7","pivot":[11.98538,41.38123,-19.82952],"rotation":[-20,0,-20],"cubes":[{"origin":[11.48538,37.38123,-20.32952],"size":[1,4,1],"inflate":0.59,"uv":{"north":{"uv":[10,37],"uv_size":[1,18]},"east":{"uv":[8,37],"uv_size":[1,24]},"south":{"uv":[13,37],"uv_size":[1,24]},"west":{"uv":[4,37],"uv_size":[1,24]},"up":{"uv":[7,34],"uv_size":[1,3]},"down":{"uv":[5,37],"uv_size":[1,-3]}}}]},{"name":"foreFinger20","parent":"finger20","pivot":[11.98538,35.88123,-19.82952],"rotation":[35,0,0],"cubes":[{"origin":[11.48538,30.88123,-20.32952],"size":[1,5,1],"inflate":0.59,"uv":{"north":{"uv":[19,37],"uv_size":[1,24]},"east":{"uv":[11,37],"uv_size":[1,24]},"south":{"uv":[9,37],"uv_size":[1,24]},"west":{"uv":[8,37],"uv_size":[1,24]},"up":{"uv":[16,34],"uv_size":[1,3]},"down":{"uv":[8,37],"uv_size":[1,-3]}}}]},{"name":"finger21","parent":"hand7","pivot":[11.98538,42.38123,-19.82952],"rotation":[-20,0,2.5],"cubes":[{"origin":[11.48538,36.38123,-20.32952],"size":[1,6,1],"inflate":0.59,"uv":{"north":{"uv":[9,37],"uv_size":[1,24]},"east":{"uv":[8,37],"uv_size":[1,24]},"south":{"uv":[11,37],"uv_size":[1,24]},"west":{"uv":[10,37],"uv_size":[1,24]},"up":{"uv":[9,35],"uv_size":[1,2]},"down":{"uv":[10,37],"uv_size":[1,-3]}}}]},{"name":"foreFinger21","parent":"finger21","pivot":[11.98538,35.88123,-19.82952],"rotation":[35,0,0],"cubes":[{"origin":[11.48538,29.88123,-20.32952],"size":[1,6,1],"inflate":0.59,"uv":{"north":{"uv":[12,37],"uv_size":[1,24]},"east":{"uv":[11,37],"uv_size":[1,24]},"south":{"uv":[14,37],"uv_size":[1,24]},"west":{"uv":[13,37],"uv_size":[1,24]},"up":{"uv":[12,35],"uv_size":[1,2]},"down":{"uv":[13,37],"uv_size":[1,-3]}}}]},{"name":"thumb7","parent":"hand7","pivot":[11.98538,40.38123,-19.32952],"rotation":[-20,0,50],"cubes":[{"origin":[11.48538,34.38123,-21.32952],"size":[1,4.5,1],"inflate":0.59,"uv":{"north":{"uv":[15,37],"uv_size":[1,24]},"east":{"uv":[14,37],"uv_size":[1,24]},"south":{"uv":[17,37],"uv_size":[1,24]},"west":{"uv":[16,37],"uv_size":[1,24]},"up":{"uv":[15,35],"uv_size":[1,2]},"down":{"uv":[16,37],"uv_size":[1,-3]}}}]},{"name":"bone8","parent":"thumb7","pivot":[11.98538,33.38123,-21.32952],"rotation":[35,0,0],"cubes":[{"origin":[11.48538,29.38123,-21.32952],"size":[1,4,1],"inflate":0.59,"uv":{"north":{"uv":[15,37],"uv_size":[1,24]},"east":{"uv":[14,37],"uv_size":[1,24]},"south":{"uv":[17,37],"uv_size":[1,24]},"west":{"uv":[16,37],"uv_size":[1,24]},"up":{"uv":[15,35],"uv_size":[1,2]},"down":{"uv":[16,37],"uv_size":[1,-3]}}}]},{"name":"rightArm4","parent":"body2","pivot":[-8,64.5,10],"rotation":[20,50,7.5],"cubes":[{"origin":[-34.46539,59.18422,-22.78981],"size":[3,22,3],"inflate":0.5,"pivot":[-23.96539,16.18422,-32.03981],"rotation":[-30,20,10],"uv":{"north":{"uv":[3,37],"uv_size":[3,24]},"east":{"uv":[0,37],"uv_size":[3,24]},"south":{"uv":[9,37],"uv_size":[3,24]},"west":{"uv":[6,37],"uv_size":[3,24]},"up":{"uv":[3,34],"uv_size":[3,3]},"down":{"uv":[6,37],"uv_size":[3,-3]}}}]},{"name":"foreleg10","parent":"rightArm4","pivot":[-16,46.5,1],"cubes":[{"origin":[-27.95699,86.03473,-56.4637],"size":[3,22,3],"inflate":0.5,"pivot":[-10.31377,43.30809,-67.70018],"rotation":[-75,9.2473,-7.4635],"uv":{"north":{"uv":[15,37],"uv_size":[3,24]},"east":{"uv":[12,37],"uv_size":[3,24]},"south":{"uv":[21,37],"uv_size":[3,24]},"west":{"uv":[18,37],"uv_size":[3,24]},"up":{"uv":[15,34],"uv_size":[3,3]},"down":{"uv":[18,37],"uv_size":[3,-3]}}}]},{"name":"hand8","parent":"foreleg10","pivot":[-18.51225,41.05506,-19.85973],"rotation":[-75,9.2473,-7.4635]},{"name":"finger22","parent":"hand8","pivot":[-19.15547,40.2817,-19.62325],"rotation":[-25,0,-25],"cubes":[{"origin":[-19.65547,34.2817,-20.12325],"size":[1,6,1],"inflate":0.59,"uv":{"north":{"uv":[61,37],"uv_size":[1,24]},"east":{"uv":[63,37],"uv_size":[1,24]},"south":{"uv":[63,37],"uv_size":[1,24]},"west":{"uv":[57,37],"uv_size":[1,24]},"up":{"uv":[70,34],"uv_size":[1,3]},"down":{"uv":[75,37],"uv_size":[1,-3]}}}]},{"name":"foreFinger22","parent":"finger22","pivot":[-19.15547,33.7817,-19.62325],"rotation":[35,0,0],"cubes":[{"origin":[-19.65547,27.7817,-20.12325],"size":[1,6,1],"inflate":0.59,"uv":{"north":{"uv":[56,37],"uv_size":[1,24]},"east":{"uv":[5,37],"uv_size":[1,24]},"south":{"uv":[9,37],"uv_size":[1,24]},"west":{"uv":[4,37],"uv_size":[1,24]},"up":{"uv":[11,34],"uv_size":[1,3]},"down":{"uv":[65,37],"uv_size":[1,-3]}}}]},{"name":"finger23","parent":"hand8","pivot":[-19.15547,40.2817,-19.62325],"rotation":[-20,0,20],"cubes":[{"origin":[-19.65547,36.2817,-20.12325],"size":[1,4,1],"inflate":0.59,"uv":{"north":{"uv":[10,37],"uv_size":[1,18]},"east":{"uv":[8,37],"uv_size":[1,24]},"south":{"uv":[13,37],"uv_size":[1,24]},"west":{"uv":[4,37],"uv_size":[1,24]},"up":{"uv":[7,34],"uv_size":[1,3]},"down":{"uv":[5,37],"uv_size":[1,-3]}}}]},{"name":"foreFinger23","parent":"finger23","pivot":[-19.15547,34.7817,-19.62325],"rotation":[35,0,0],"cubes":[{"origin":[-19.65547,29.7817,-20.12325],"size":[1,5,1],"inflate":0.59,"uv":{"north":{"uv":[19,37],"uv_size":[1,24]},"east":{"uv":[11,37],"uv_size":[1,24]},"south":{"uv":[9,37],"uv_size":[1,24]},"west":{"uv":[8,37],"uv_size":[1,24]},"up":{"uv":[16,34],"uv_size":[1,3]},"down":{"uv":[8,37],"uv_size":[1,-3]}}}]},{"name":"finger24","parent":"hand8","pivot":[-19.15547,41.2817,-19.62325],"rotation":[-20,0,-2.5],"cubes":[{"origin":[-19.65547,35.2817,-20.12325],"size":[1,6,1],"inflate":0.59,"uv":{"north":{"uv":[9,37],"uv_size":[1,24]},"east":{"uv":[8,37],"uv_size":[1,24]},"south":{"uv":[11,37],"uv_size":[1,24]},"west":{"uv":[10,37],"uv_size":[1,24]},"up":{"uv":[9,34],"uv_size":[1,3]},"down":{"uv":[10,37],"uv_size":[1,-3]}}}]},{"name":"foreFinger24","parent":"finger24","pivot":[-19.15547,34.7817,-19.62325],"rotation":[35,0,0],"cubes":[{"origin":[-19.65547,28.7817,-20.12325],"size":[1,6,1],"inflate":0.59,"uv":{"north":{"uv":[12,37],"uv_size":[1,24]},"east":{"uv":[11,37],"uv_size":[1,24]},"south":{"uv":[14,37],"uv_size":[1,24]},"west":{"uv":[13,37],"uv_size":[1,24]},"up":{"uv":[12,34],"uv_size":[1,3]},"down":{"uv":[13,37],"uv_size":[1,-3]}}}]},{"name":"thumb8","parent":"hand8","pivot":[-19.15547,39.2817,-19.12325],"rotation":[-20,0,-50],"cubes":[{"origin":[-19.65547,33.2817,-21.12325],"size":[1,4.5,1],"inflate":0.59,"uv":{"north":{"uv":[15,37],"uv_size":[1,24]},"east":{"uv":[14,37],"uv_size":[1,24]},"south":{"uv":[17,37],"uv_size":[1,24]},"west":{"uv":[16,37],"uv_size":[1,24]},"up":{"uv":[15,34],"uv_size":[1,3]},"down":{"uv":[16,37],"uv_size":[1,-3]}}}]},{"name":"bone9","parent":"thumb8","pivot":[-19.15547,32.2817,-21.12325],"rotation":[35,0,0],"cubes":[{"origin":[-19.65547,28.2817,-21.12325],"size":[1,4,1],"inflate":0.59,"uv":{"north":{"uv":[15,37],"uv_size":[1,24]},"east":{"uv":[14,37],"uv_size":[1,24]},"south":{"uv":[17,37],"uv_size":[1,24]},"west":{"uv":[16,37],"uv_size":[1,24]},"up":{"uv":[15,34],"uv_size":[1,3]},"down":{"uv":[16,37],"uv_size":[1,-3]}}}]},{"name":"leg2","parent":"abdomen2","pivot":[-3,37.5,6],"rotation":[-10,0,0]},{"name":"rightleg2","parent":"leg2","pivot":[-5,45.5,7],"cubes":[{"origin":[-16.27056,20.98204,5.25],"size":[3,24,3],"inflate":0.5,"pivot":[-8.27056,-0.51796,0],"rotation":[0,0,12.5],"uv":{"north":{"uv":[3,37],"uv_size":[3,24]},"east":{"uv":[0,37],"uv_size":[3,24]},"south":{"uv":[9,37],"uv_size":[3,24]},"west":{"uv":[6,37],"uv_size":[3,24]},"up":{"uv":[3,34],"uv_size":[3,3]},"down":{"uv":[6,37],"uv_size":[3,-3]}}}]},{"name":"foreleg11","parent":"rightleg2","pivot":[-9.74659,22.85556,6.75],"rotation":[25,0,12.5],"cubes":[{"origin":[-11.24659,-1.14444,5.25],"size":[3,24,3],"inflate":0.5,"uv":{"north":{"uv":[15,37],"uv_size":[3,24]},"east":{"uv":[12,37],"uv_size":[3,24]},"south":{"uv":[21,37],"uv_size":[3,24]},"west":{"uv":[18,37],"uv_size":[3,24]},"up":{"uv":[15,34],"uv_size":[3,3]},"down":{"uv":[18,37],"uv_size":[3,-3]}}}]},{"name":"leftleg2","parent":"leg2","pivot":[-1,45.5,7],"cubes":[{"origin":[11.34589,22.78456,5.25],"size":[3,24,3],"inflate":0.5,"pivot":[11.34589,1.28456,0],"rotation":[0,0,-17.5],"uv":{"north":{"uv":[3,37],"uv_size":[3,24]},"east":{"uv":[0,37],"uv_size":[3,24]},"south":{"uv":[9,37],"uv_size":[3,24]},"west":{"uv":[6,37],"uv_size":[3,24]},"up":{"uv":[3,34],"uv_size":[3,3]},"down":{"uv":[6,37],"uv_size":[3,-3]}}}]},{"name":"foreleg12","parent":"leftleg2","pivot":[6.01059,23.19425,6.75],"rotation":[25,0,-17.5],"cubes":[{"origin":[4.51059,-0.80575,5.25],"size":[3,24,3],"inflate":0.5,"uv":{"north":{"uv":[15,37],"uv_size":[3,24]},"east":{"uv":[12,37],"uv_size":[3,24]},"south":{"uv":[21,37],"uv_size":[3,24]},"west":{"uv":[18,37],"uv_size":[3,24]},"up":{"uv":[15,34],"uv_size":[3,3]},"down":{"uv":[18,37],"uv_size":[3,-3]}}}]}]}]}