{"format_version":"1.12.0","minecraft:geometry":[{"description":{"identifier":"geometry.CYMutant_mutant_zombie","texture_width":128,"texture_height":128,"visible_bounds_width":4,"visible_bounds_height":3.5,"visible_bounds_offset":[0,1.25,0]},"bones":[{"name":"pelvis","pivot":[0,14,6]},{"name":"waist","parent":"pelvis","pivot":[0,14,6],"rotation":[15,0,0],"cubes":[{"origin":[-7,14,0],"size":[14,16,12],"uv":[0,44]}]},{"name":"chest","parent":"waist","pivot":[0,26,6],"rotation":[30,0,0],"cubes":[{"origin":[-12,26,-2],"size":[24,12,16],"uv":[0,16]}]},{"name":"head","parent":"chest","pivot":[0,37,2],"rotation":[-45,0,0],"cubes":[{"origin":[-4,37,-2],"size":[8,8,8],"uv":[0,0]}]},{"name":"villagerHead","parent":"chest","pivot":[0,37,2]},{"name":"arm1","parent":"chest","pivot":[-11,34,8],"rotation":[-20,15,0],"cubes":[{"origin":[-14,18,5],"size":[6,16,6],"uv":[104,0]}]},{"name":"forearm1","parent":"arm1","pivot":[-11,20,8],"rotation":[-55,0,0],"cubes":[{"origin":[-14,4,5],"size":[6,16,6],"inflate":0.1,"uv":[104,22]}]},{"name":"arm2","parent":"chest","pivot":[11,34,8],"rotation":[-20,-15,0],"mirror":true,"cubes":[{"origin":[8,18,5],"size":[6,16,6],"uv":[104,0]}]},{"name":"forearm2","parent":"arm2","pivot":[11,20,8],"rotation":[-50,0,0],"mirror":true,"cubes":[{"origin":[8,4,5],"size":[6,16,6],"inflate":0.1,"uv":[104,22]}]},{"name":"leg1","parent":"pelvis","pivot":[-5,16,6],"rotation":[-35,0,0],"cubes":[{"origin":[-8,5,3],"size":[6,11,6],"uv":[80,0]}]},{"name":"foreleg1","parent":"leg1","pivot":[-5,6.5,6],"rotation":[35,0,0],"cubes":[{"origin":[-8,-1.5,3],"size":[6,8,6],"inflate":0.1,"uv":[80,17]}]},{"name":"leg2","parent":"pelvis","pivot":[5,16,6],"rotation":[-35,0,0],"mirror":true,"cubes":[{"origin":[2,5,3],"size":[6,11,6],"uv":[80,0]}]},{"name":"foreleg2","parent":"leg2","pivot":[5,6.5,6],"rotation":[35,0,0],"mirror":true,"cubes":[{"origin":[2,-1.5,3],"size":[6,8,6],"inflate":0.1,"uv":[80,17]}]}]}]}