{"format_version":"1.12.0","minecraft:geometry":[{"description":{"identifier":"geometry.player_creeper_minion_egg_charged","texture_width":64,"texture_height":32,"visible_bounds_width":5,"visible_bounds_height":4,"visible_bounds_offset":[0,2,0]},"bones":[{"name":"egg","pivot":[0,35,0],"cubes":[{"origin":[-2,32,-2],"size":[4,1,4],"uv":[0,0]},{"origin":[-3,33,-3],"size":[6,4,6],"uv":[0,0]},{"origin":[-1,39,-1],"size":[2,1,2],"uv":[0,0]},{"origin":[-2,37,-2],"size":[4,2,4],"uv":[0,0]}],"inflate":1.0}]}]}