{"format_version":"1.12.0","minecraft:geometry":[{"description":{"identifier":"geometry.CYMutant_skeleton_head","texture_width":128,"texture_height":128,"visible_bounds_width":4,"visible_bounds_height":6,"visible_bounds_offset":[0,2,0]},"bones":[{"name":"head","pivot":[4,-2,-4],"rotation":[32.5,0,0],"cubes":[{"origin":[-4,-2,-4],"size":[8,8,8],"inflate":0.4,"uv":{"north":{"uv":[8,9],"uv_size":[8,8]},"east":{"uv":[0,8],"uv_size":[8,8]},"south":{"uv":[24,8],"uv_size":[8,8]},"west":{"uv":[16,8],"uv_size":[8,8]},"up":{"uv":[8,0],"uv_size":[8,8]},"down":{"uv":[16,8],"uv_size":[8,-8]}}}]},{"name":"jaw","parent":"head","pivot":[4,-2,-4],"cubes":[{"origin":[-4,-2,-4],"size":[8,3,8],"inflate":0.7,"uv":{"north":{"uv":[80,8],"uv_size":[8,3]},"east":{"uv":[72,8],"uv_size":[8,3]},"south":{"uv":[96,8],"uv_size":[8,3]},"west":{"uv":[88,8],"uv_size":[8,3]},"up":{"uv":[80,0],"uv_size":[8,8]},"down":{"uv":[88,8],"uv_size":[8,-8]}}}]}]}]}