{"format_version":"1.12.0","minecraft:geometry":[{"description":{"identifier":"geometry.CYMutant_skeleton_pelvis","texture_width":128,"texture_height":128,"visible_bounds_width":4,"visible_bounds_height":5.5,"visible_bounds_offset":[0,2.25,0]},"bones":[{"name":"bone","pivot":[0,0,2],"rotation":[5,0,22.5],"cubes":[{"origin":[-19.5,-13.59111,3.10583],"size":[5,8,4],"pivot":[-2,-11.59111,5.10583],"rotation":[0,-15,90],"uv":{"north":{"uv":[36,4],"uv_size":[5,8]},"east":{"uv":[32,4],"uv_size":[4,8]},"south":{"uv":[45,4],"uv_size":[5,8]},"west":{"uv":[41,4],"uv_size":[4,8]},"up":{"uv":[36,0],"uv_size":[5,4]},"down":{"uv":[41,4],"uv_size":[5,-4]}}}]}]}]}