{"format_version":"1.12.0","minecraft:geometry":[{"description":{"identifier":"geometry.CYMutant_skeleton_rib","texture_width":128,"texture_height":128,"visible_bounds_width":4,"visible_bounds_height":5.5,"visible_bounds_offset":[0,2.25,0]},"bones":[{"name":"ribleft3","pivot":[-18,11,4],"rotation":[0,0,130],"cubes":[{"origin":[-18.5,24,6.5],"size":[2.5,7,2.5],"pivot":[-18,32,4],"rotation":[-40,0,90],"uv":{"north":{"uv":[32,32],"uv_size":[3,8]},"east":{"uv":[41,32],"uv_size":[3,8]},"south":{"uv":[40,32],"uv_size":[3,8]},"west":{"uv":[37,28],"uv_size":[3,8]},"up":{"uv":[37,33],"uv_size":[3,3]},"down":{"uv":[40,32],"uv_size":[3,-3]}}}]},{"name":"bone20","parent":"ribleft3","pivot":[-27,36,-2],"rotation":[0,77.5,0],"cubes":[{"origin":[-17.5,17.5,-2],"size":[2.5,7,2.5],"pivot":[-17,32,4],"rotation":[2.5,0,90],"uv":{"north":{"uv":[35,31],"uv_size":[3,8]},"east":{"uv":[32,33],"uv_size":[3,8]},"south":{"uv":[32,33],"uv_size":[3,8]},"west":{"uv":[36,33],"uv_size":[3,8]},"up":{"uv":[37,33],"uv_size":[3,3]},"down":{"uv":[40,32],"uv_size":[3,-3]}}}]},{"name":"bone21","parent":"bone20","pivot":[-19,36,-1],"rotation":[0,-50,0],"cubes":[{"origin":[-9.5,18,3],"size":[2.5,7,2.5],"pivot":[-9,32,5],"rotation":[0,0,90],"uv":{"north":{"uv":[32,33],"uv_size":[3,8]},"east":{"uv":[32,34],"uv_size":[3,8]},"south":{"uv":[36,33],"uv_size":[3,8]},"west":{"uv":[36,33],"uv_size":[3,8]},"up":{"uv":[37,32],"uv_size":[3,3]},"down":{"uv":[36,37],"uv_size":[3,-3]}}}]}]}]}