{"format_version":"1.12.0","minecraft:geometry":[{"description":{"identifier":"geometry.CYMutant_skeleton_shoulder_pad","texture_width":128,"texture_height":128,"visible_bounds_width":4,"visible_bounds_height":5.5,"visible_bounds_offset":[0,2.25,0]},"bones":[{"name":"bb_main","pivot":[0,0,0],"cubes":[{"origin":[-4,0,-3],"size":[8,3,6],"pivot":[0,0,0],"rotation":[5,-15,-20],"uv":{"north":{"uv":[42,22],"uv_size":[-8,3]},"east":{"uv":[48,22],"uv_size":[-6,3]},"south":{"uv":[56,22],"uv_size":[-8,3]},"west":{"uv":[34,22],"uv_size":[-6,3]},"up":{"uv":[42,16],"uv_size":[-8,6]},"down":{"uv":[50,22],"uv_size":[-8,-6]}}}]}]}]}