{"format_version":"1.12.0","minecraft:geometry":[{"description":{"identifier":"geometry.CYMutant_skeleton_limb","texture_width":128,"texture_height":128,"visible_bounds_width":4,"visible_bounds_height":5.5,"visible_bounds_offset":[0,2.25,0]},"bones":[{"name":"bone","pivot":[0,1,-5],"rotation":[-50,0,30],"cubes":[{"origin":[-2.5,0.5,-7],"size":[4,12,4],"uv":{"north":{"uv":[4,32],"uv_size":[4,12]},"east":{"uv":[0,32],"uv_size":[4,12]},"south":{"uv":[12,32],"uv_size":[4,12]},"west":{"uv":[8,32],"uv_size":[4,12]},"up":{"uv":[4,28],"uv_size":[4,4]},"down":{"uv":[8,32],"uv_size":[4,-4]}}}]}]}]}