{"format_version":"1.12.0","minecraft:geometry":[{"description":{"identifier":"geometry.CYMutant_spider_pig","texture_width":128,"texture_height":64,"visible_bounds_width":4,"visible_bounds_height":2.5,"visible_bounds_offset":[0,0.75,0]},"bones":[{"name":"base","pivot":[0,9.5,-2]},{"name":"body2","parent":"base","pivot":[0,9.5,-2],"cubes":[{"origin":[-3,6.5,-2],"size":[6,6,10],"uv":[32,0]}]},{"name":"body1","parent":"body2","pivot":[0,10.5,-0.5],"cubes":[{"origin":[-3.5,7,-9.5],"size":[7,7,9],"uv":[64,0]}]},{"name":"head","parent":"body1","pivot":[0,10.5,-8.5],"cubes":[{"origin":[-4,6.5,-16.5],"size":[8,8,8],"uv":[0,0]}]},{"name":"snout","parent":"head","pivot":[0,10.5,-8.5],"cubes":[{"origin":[-2,7.5,-17.5],"size":[4,3,1],"uv":[24,0]}]},{"name":"frontLeg1","parent":"body1","pivot":[-3.5,10.5,-5.5],"rotation":[-50,25,95],"cubes":[{"origin":[-4.5,-1.5,-6.5],"size":[2,12,2],"uv":[0,37]}]},{"name":"frontLegF1","parent":"frontLeg1","pivot":[-3.5,-1.5,-5.6],"rotation":[0,0,-100],"cubes":[{"origin":[-4.5,-17.5,-6.6],"size":[2,16,2],"uv":[8,37]}]},{"name":"frontLeg2","parent":"body1","pivot":[3.5,10.5,-5.5],"rotation":[-50,-25,-95],"mirror":true,"cubes":[{"origin":[2.5,-1.5,-6.5],"size":[2,12,2],"uv":[0,37]}]},{"name":"frontLegF2","parent":"frontLeg2","pivot":[3.5,-1.5,-5.4],"rotation":[0,0,100],"mirror":true,"cubes":[{"origin":[2.5,-17.5,-6.4],"size":[2,16,2],"uv":[8,37]}]},{"name":"middleLeg1","parent":"body1","pivot":[-3.5,10.5,-3.5],"rotation":[-15,-5,120],"cubes":[{"origin":[-4.5,-1.5,-4.5],"size":[2,12,2],"uv":[0,37]}]},{"name":"middleLegF1","parent":"middleLeg1","pivot":[-3.5,-1.5,-3.6],"rotation":[0,0,-100],"cubes":[{"origin":[-4.5,-17.5,-4.6],"size":[2,16,2],"uv":[8,37]}]},{"name":"middleLeg2","parent":"body1","pivot":[3.5,10.5,-3.5],"rotation":[-15,5,-120],"mirror":true,"cubes":[{"origin":[2.5,-1.5,-4.5],"size":[2,12,2],"uv":[0,37]}]},{"name":"middleLegF2","parent":"middleLeg2","pivot":[3.5,-1.5,-3.4],"rotation":[0,0,100],"mirror":true,"cubes":[{"origin":[2.5,-17.5,-4.4],"size":[2,16,2],"uv":[8,37]}]},{"name":"butt","parent":"body2","pivot":[0,9.5,5],"cubes":[{"origin":[-5,5,5],"size":[10,9,12],"uv":[0,16]}]},{"name":"backLeg1","parent":"body2","pivot":[-2.5,7.5,5],"cubes":[{"origin":[-4.5,3.5,3],"size":[4,4,4],"uv":[16,37]}]},{"name":"backLegF1","parent":"backLeg1","pivot":[-2.5,4.5,5],"cubes":[{"origin":[-4.5,0.5,3],"size":[4,4,4],"inflate":0.2,"uv":[16,45]}]},{"name":"backLeg2","parent":"body2","pivot":[2.5,7.5,5],"mirror":true,"cubes":[{"origin":[0.5,3.5,3],"size":[4,4,4],"uv":[32,37]}]},{"name":"backLegF2","parent":"backLeg2","pivot":[2.5,4.5,5],"mirror":true,"cubes":[{"origin":[0.5,0.5,3],"size":[4,4,4],"inflate":0.2,"uv":[16,45]}]}]}]}