{"format_version":"1.12.0","minecraft:geometry":[{"description":{"identifier":"geometry.spirit_entity","texture_width":16,"texture_height":16,"visible_bounds_width":3,"visible_bounds_height":2.5,"visible_bounds_offset":[0,0.75,0]},"bones":[{"name":"body","pivot":[0,0,0],"cubes":[{"origin":[-4,0,0],"size":[2,3,2],"uv":{"north":{"uv":[0,0],"uv_size":[1,1]},"east":{"uv":[0,0],"uv_size":[1,1]},"south":{"uv":[0,0],"uv_size":[13,14]},"west":{"uv":[0,0],"uv_size":[1,1]},"up":{"uv":[1,1],"uv_size":[-1,-1]},"down":{"uv":[1,1],"uv_size":[-1,-1]}}}]}]}]}