{"format_version":"1.13.0","netease:block_geometry":{"bones":[{"cubes":[{"origin":[-12.4,4.6,8.6],"pivot":[0,0,0],"rotation":[0,0,0],"size":[8.8,8.8,8.799999999999999],"uv":{"down":{"texture":0,"uv":[2,0],"uv_size":[1,1]},"east":{"texture":0,"uv":[0,1],"uv_size":[1,1]},"north":{"texture":0,"uv":[0.875,1],"uv_size":[1.25,1.125]},"south":{"texture":0,"uv":[3,1],"uv_size":[1,1]},"up":{"texture":0,"uv":[1,0],"uv_size":[1,1]},"west":{"texture":0,"uv":[2,1],"uv_size":[1,1]}}}],"name":"head","pivot":[0,0,0],"rotation":[0,0,0]},{"cubes":[{"origin":[-12.7,4,8.3],"pivot":[0,0,-7],"rotation":[0,0,0],"size":[9.399999999999999,4.4,9.400000000000002],"uv":{"down":{"texture":0,"uv":[12,1],"uv_size":[1,-1]},"east":{"texture":0,"uv":[9,1],"uv_size":[1,0.375]},"north":{"texture":0,"uv":[9.875,1],"uv_size":[1.25,0.375]},"south":{"texture":0,"uv":[12,1],"uv_size":[1,0.375]},"up":{"texture":0,"uv":[11,0],"uv_size":[-1,1]},"west":{"texture":0,"uv":[11,1],"uv_size":[1,0.375]}}}],"name":"jaw","parent":"head","pivot":[4,-2,-11],"rotation":[0,0,0]}],"description":{"identifier":"cymutant:mutant_skeleton_skull_block_side","textures":["cymutant:mutant_skeleton_skull_block"],"use_ao":false}}}