{"resource_pack_name":"vanilla","texture_data":{"cymutant:endersoul_hand":{"textures":"textures/item/endersoul_hand"},"cymutant:creeper_shard":{"textures":"textures/item/creeper_shard"},"cymutant:hulk_hammer":{"textures":"textures/item/hulk_hammer"},"cymutant:mutant_skeleton_arms":{"textures":"textures/item/mutant_skeleton/arms"},"cymutant:mutant_skeleton_boots":{"textures":"textures/item/mutant_skeleton/boots"},"cymutant:mutant_skeleton_chestplate":{"textures":"textures/item/mutant_skeleton/chestplate"},"cymutant:mutant_skeleton_leggings":{"textures":"textures/item/mutant_skeleton/leggings"},"cymutant:mutant_skeleton_limb":{"textures":"textures/item/mutant_skeleton/limb"},"cymutant:mutant_skeleton_pelvis":{"textures":"textures/item/mutant_skeleton/pelvis"},"cymutant:mutant_skeleton_rib":{"textures":"textures/item/mutant_skeleton/rib"},"cymutant:mutant_skeleton_rib_cage":{"textures":"textures/item/mutant_skeleton/rib_cage"},"cymutant:mutant_skeleton_shoulder_pad":{"textures":"textures/item/mutant_skeleton/shoulder_pad"},"cymutant:mutant_skeleton_skull":{"textures":"textures/item/mutant_skeleton/skull"},"cymutant:chemical_x":{"textures":"textures/item/chemical_x"},"cymutant:creeper_minion_tracker":{"textures":"textures/item/creeper_minion_tracker"}},"texture_name":"atlas.items"}